,baseline rmse week 1,baseline rmse week 2,baseline rmse week 3,baseline rmse week 4,lastInputDay,pred rmse week 1,pred rmse week 2,pred rmse week 3,pred rmse week 4,model rmse,last_value_baseline_rmse,rel. diff. to last value baseline 1
0,0.01983368651425183,0.026465694374079474,0.027063778946957037,0.029779835260331063,2020-05-28,0.009920142281832562,0.007319598606573819,0.006217854591686706,0.007113211347052312,0.030570806827145396,0.1031429950956194,0.7036075324475062
1,0.019241167643083677,0.02529474146373391,0.025649934244335475,0.028414578486194293,2020-05-29,0.009070796947891825,0.007152999756788675,0.006628898905636147,0.00804712471758375,0.030899820327900396,0.09860042183734735,0.6866157390394011
2,0.01866932454814231,0.023887201844433274,0.024158127342492158,0.026877043576271534,2020-05-30,0.008579165491261122,0.007121913127155519,0.007511943466509116,0.009700304371276749,0.032913326456202506,0.09359169731133928,0.6483307023836309
3,0.01788014819247579,0.022142809409823227,0.022496386073056002,0.025049783098649518,2020-05-31,0.008353051689689478,0.007506184532871941,0.009335360579337957,0.01266874082189114,0.037863337623790516,0.08756912677400452,0.5676177322002199
4,0.01693418476921178,0.02027671949689059,0.020872376860687433,0.023110353187708953,2020-06-01,0.008226327532589797,0.0082033099659406,0.011376578707300385,0.015850007873041243,0.04365622407887203,0.08119363431449875,0.4623196208982071
5,0.015944728086274063,0.01840418003044361,0.01934851371751407,0.02116183979850191,2020-06-02,0.008301021619822936,0.009489959947502442,0.01438905595048422,0.02013955473333581,0.05231959225114541,0.07485926163273365,0.3010939313317023
6,0.01489536091400249,0.016617408318858194,0.017832457931964592,0.019247170778592088,2020-06-03,0.008640266840629266,0.011350607865883888,0.018159088513753727,0.02539575011974371,0.06354571334001059,0.06859239794341737,0.07357498432362497
7,0.013703508833089042,0.0150188974555125,0.016286058746348527,0.017431521315869777,2020-06-04,0.009313473912709055,0.013550892587492636,0.02212009705264339,0.030636676023192252,0.07562113957603733,0.06243998635081985,-0.2111011548138241
8,0.012402017682971896,0.013566609821368678,0.014770812264025284,0.015748503355107888,2020-06-05,0.010191027152227777,0.015927862811077702,0.026092361318457866,0.03571429903330162,0.08792555031506497,0.056487943123473744,-0.5565365891066978
9,0.011261207782043313,0.012404340663809703,0.013427217551812235,0.014363993850202364,2020-06-06,0.011183286455604723,0.01847398968397616,0.03025636503803453,0.04092911115296777,0.10084275233058318,0.051456759847867614,-0.959757136452542
10,0.010304908503131566,0.0114943215607921,0.012273801413091319,0.013297214652489366,2020-06-07,0.012399946558212102,0.02143747541548297,0.0350447836522888,0.04681681160062657,0.11569901722661044,0.047370246129504356,-1.4424407023409531
11,0.009461278640880063,0.010703332789480147,0.011217486810730728,0.012439239711180645,2020-06-08,0.013776022380542884,0.024875850139976362,0.04072667007905898,0.05381868143385395,0.13319722403343218,0.04382133795227158,-2.0395517402619054
12,0.00869762699881025,0.009989692074375773,0.010265891886190846,0.011744439028932222,2020-06-09,0.015285446952171967,0.028590551363892533,0.04681478202988807,0.06133869116212125,0.15202947150807383,0.04069764998830909,-2.735583542335889
13,0.008166429554387799,0.009317342840844864,0.009541700882041329,0.011230932549480646,2020-06-10,0.01702130493888404,0.03277905945236375,0.05373378091658734,0.0699135311042638,0.17344767641209896,0.03825640582675464,-3.533820484798346
14,0.007816317223638172,0.0087211472934935,0.009058454505440608,0.01087358936187947,2020-06-11,0.01951516026099906,0.03801174053873337,0.06196746601769882,0.07986671430684139,0.19936108112427264,0.036469508384451746,-4.46651408137071
15,0.007503182855121242,0.008170442939301095,0.008733270193989312,0.010597348266358003,2020-06-12,0.02249390444847642,0.04397671305624884,0.0711946079179836,0.09076343102743786,0.22842865645014673,0.035004244254769654,-5.525741701137319
16,0.007171982446216464,0.007656645467869167,0.008530307185763234,0.010362913353965164,2020-06-13,0.025937997552893537,0.05070070891686727,0.08134637156910517,0.10243522760353577,0.2604203056424017,0.03372184845381403,-6.722598777438829
17,0.006823692599312041,0.00724160775432114,0.008444702729737257,0.010209372065736994,2020-06-14,0.029478001693350044,0.05745094888516703,0.0913358035063961,0.11368610833679718,0.2919508624217103,0.03271937514910743,-7.922874018566781
18,0.0064391437021595575,0.006926616896826333,0.008444768411556723,0.010128392572377885,2020-06-15,0.033049916695076655,0.06432527067507578,0.10145458373782411,0.12492906577107249,0.32375883687904905,0.0319389215829205,-9.136811790545261
19,0.005990364892833739,0.006686133574371944,0.008461519132973949,0.01009099081442129,2020-06-16,0.036614367305512215,0.07127094635768973,0.11176558840953643,0.13635825167832388,0.35600915375106224,0.03122900841460092,-10.399950617215643
20,0.005594486533680607,0.00657785041112524,0.008499616002595843,0.01012428585699749,2020-06-17,0.059978140854479244,0.08809785028935023,0.12536488307308782,0.1481686454567263,0.42160951967364363,0.030796238804399183,-12.690292582528537
21,0.00532741229691629,0.006553351745611382,0.0085343546651429,0.01020185024128026,2020-06-18,0.04525475736560652,0.08559773987639652,0.13199183512216456,0.15815841229191713,0.4210027446560847,0.03061696894895083,-12.750634341304105
22,0.005163015993168785,0.006597074605364475,0.008575673572104647,0.01032762277960477,2020-06-19,0.046676950042271625,0.09095623532849612,0.1410430922098069,0.16843238836352153,0.4471086659440962,0.030663386950242677,-13.581189829734633
23,0.005072496512828212,0.006683322434830875,0.008618017571852559,0.010486189649479236,2020-06-20,0.049729391627862864,0.0975789893037638,0.15113183947808742,0.17951703421325294,0.477957254622967,0.030860026168990883,-14.487908273494382
24,0.0049899269651639865,0.006779678379387895,0.00865707418376192,0.010663824605387322,2020-06-21,0.05278833544684363,0.10423980392196319,0.16137937256012835,0.1909797982591808,0.509387310188116,0.031090504133701125,-15.384015775284784
25,0.004841272429035739,0.006848838396837931,0.008677052156609084,0.010829211264895111,2020-06-22,0.054125206106715125,0.10734113854471632,0.16644358179905247,0.19689420842663966,0.5248041348771235,0.031196374247377867,-15.822600303342451
26,0.004635748589114139,0.006879398185456121,0.008698654397276897,0.011010571628870088,2020-06-23,0.053543202638348115,0.10662071292729432,0.1659856008150598,0.19692091583172536,0.5230704322124275,0.031224372800717246,-15.751991642900581
27,0.004422134785972663,0.006886770878424524,0.008738930180577476,0.011207147813789438,2020-06-24,0.05970390045533417,0.1019565497329029,0.15529326206025268,0.18495134595127866,0.5019050581997684,0.0312549836587641,-15.05840091549787
28,0.004349520808403681,0.006933894126888773,0.008850273612419687,0.011466012429340656,2020-06-25,0.04878064171626752,0.09610204369774539,0.15105344342534188,0.18157253413173924,0.477508662971094,0.031599700977052794,-14.111176631635006
29,0.004350547790986466,0.0069885576056695296,0.009011383271897279,0.011780588129308898,2020-06-26,0.048406255452538044,0.09712894678179056,0.15316777820760274,0.18415783514519082,0.4828608155871221,0.032131076797862174,-14.02784418414664
30,0.004452772693201434,0.007069850961994902,0.009221127930426282,0.012151261094232394,2020-06-27,0.049733034515680036,0.10073851214023623,0.1587756186102092,0.1904089466221837,0.49965611188830916,0.032895012679855014,-14.189418431028598
31,0.004633410370547735,0.007173280724476814,0.00947020723385391,0.012564988890392858,2020-06-28,0.0516844564354391,0.10537261752187645,0.16577868804805618,0.19807197286360692,0.5209077348689787,0.03384188721927132,-14.39239615964286
32,0.004816274672880291,0.0072850700546980285,0.00973982369265992,0.013028366317649774,2020-06-29,0.051613800679023845,0.10619680574427155,0.16752605111112248,0.20023821544054693,0.5255748729749647,0.034869534737888015,-14.072609282735668
33,0.004936940967079904,0.007398888782957769,0.010031724774221165,0.013495807712063905,2020-06-30,0.04939452484134809,0.10287001107687618,0.16343901121569035,0.19624977356021073,0.5119533206941254,0.03586336223632274,-13.27510664841163
34,0.0049958544768401655,0.0075119654514516606,0.010326132579522805,0.013956909955895729,2020-07-01,0.04698803645033077,0.091981416897288,0.1470373234183133,0.1787169939012254,0.46472377066715753,0.036790862463710355,-11.631499767790173
35,0.005016763667689294,0.007647118071038429,0.010628820818411107,0.014388295535627458,2020-07-02,0.03995394191569464,0.08537726221812576,0.13907735510190933,0.1703124062953694,0.43472096553109907,0.03768099809276629,-10.53687501750527
36,0.005009991680383602,0.007823017760048451,0.010956504141149851,0.014795976506374342,2020-07-03,0.03842956017568119,0.08358958779975098,0.1369230146124106,0.16793395484975818,0.4268761174376009,0.038585490087956247,-10.063125451161302
37,0.005007781090990374,0.008055509435139127,0.011317607134869007,0.015200064145080521,2020-07-04,0.03832278265765559,0.0842075646437928,0.1382101943277806,0.1692099768689073,0.42995051849813626,0.03958096180607903,-9.862558636260893
38,0.005046998459672601,0.008352859858714068,0.01172452932461053,0.015605318730785179,2020-07-05,0.03905682597222272,0.08637464723098895,0.14164986535146548,0.17269320701249177,0.439774545567169,0.04072970637378238,-9.797390522074839
39,0.005124625153533283,0.008678393506065684,0.012189218310488416,0.016017110417601777,2020-07-06,0.03769358373732703,0.08458086564800767,0.13945189624440307,0.17022550948993176,0.4319518551196695,0.04200934738768916,-9.282279587286638
40,0.005243796819294025,0.009006147785211326,0.012677419802178585,0.016439766830389547,2020-07-07,0.03405370443241632,0.07829270253481,0.1307082678877063,0.16073606538397398,0.4037907402389066,0.04336713123707348,-8.310985733216219
41,0.005374246821013274,0.009313419282322153,0.01315497153521255,0.016855207360720898,2020-07-08,0.025634610557388856,0.06233343303611133,0.10735175096289676,0.13533032472226728,0.3306501192786642,0.044697844999268876,-6.397451024407836
42,0.005530471647200552,0.009607498597913102,0.013588600434447555,0.01723580104469852,2020-07-09,0.020032605631712237,0.051423905910463,0.09091683643158352,0.11715078561757265,0.2795241335913314,0.04596237172425973,-5.081586373920598
43,0.005702485164863091,0.009897214809372851,0.013962415428594816,0.01755600758818107,2020-07-10,0.017214157875998552,0.04581234150455193,0.08219963089690435,0.1073928838538036,0.2526190141312584,0.04711812299101183,-4.36139807987359
44,0.005884317868295688,0.010194638293780353,0.014298172416560003,0.017829238138035584,2020-07-11,0.01565383136751809,0.04257360056791967,0.07691198381420404,0.10152291049335681,0.2366623262429986,0.048206366716671625,-3.909358293562324
45,0.006070732234406681,0.010511776534410657,0.014598648273454931,0.01806054005111443,2020-07-12,0.014710393367587822,0.04062382617468017,0.07360648985598799,0.0980592248002299,0.22699993419848585,0.0492416970933867,-3.6099128908571383
46,0.0062343998916778555,0.01086602615983948,0.014865554325690134,0.0182294923455834,2020-07-13,0.014161032766466047,0.03945719481368438,0.07151519029651515,0.09609026582729757,0.22122368370396314,0.05019547272279086,-3.407243755342068
47,0.006382744397491673,0.011241335967673611,0.015112135927578815,0.018352732717573143,2020-07-14,0.014084961884504938,0.039307325184504444,0.0710384241332253,0.09603378995859782,0.2204645011608325,0.05108894901031724,-3.315307036680485
48,0.006502442868809614,0.011593269993773175,0.015326657963073526,0.018454484545682992,2020-07-15,0.01414345258015285,0.03933573740301609,0.07088037176288887,0.09624818215039826,0.22060774389645607,0.051876855371339306,-3.2525273036949813
49,0.006623949780432987,0.011882298792283646,0.01548971473992142,0.01855529386828781,2020-07-16,0.01453863331295857,0.04011402632669095,0.0720824046866292,0.09790983945520677,0.2246449037814855,0.05255125718092586,-3.2747769669537647
50,0.006784521602320794,0.012108095501047007,0.01559547091718025,0.01866814034162507,2020-07-17,0.014968338458258734,0.04087067930309085,0.07332359623446,0.09935648520321166,0.22851909919902125,0.053156228362173125,-3.2990089071413373
51,0.00700342632964598,0.012282541919874915,0.015657273028578125,0.0187971411271507,2020-07-18,0.015316766922512824,0.04132452617683829,0.07416305928273433,0.10016869565662449,0.23097304803870994,0.05374038240524971,-3.2979420261093453
52,0.007302495760075755,0.012414519061266414,0.015688155154314903,0.01895651265650961,2020-07-19,0.01543280976544315,0.041252762972151844,0.07430412612139776,0.09999814413676987,0.23098784299576264,0.054361682632166675,-3.2490929605457697
53,0.0076914445624192114,0.01250634803285479,0.015688368158556613,0.019130076098211695,2020-07-20,0.01562019331849664,0.041274662981619525,0.07465464982009545,0.1000182710732522,0.2315677771934638,0.05501623685204231,-3.209080635889904
54,0.008089618571304477,0.012564029703037327,0.01567156879261381,0.01928168994486386,2020-07-21,0.016192186534378535,0.04195375562903403,0.07594310963916476,0.10105857390014181,0.23514762570271913,0.05560690701181947,-3.228748519545199
55,0.008406777760365301,0.01261944904723035,0.015665670702459476,0.0193904022995164,2020-07-22,0.01680919179713814,0.04275151749692112,0.0773320736490104,0.1022792432341914,0.23917202617726108,0.05608229980957152,-3.26466152403475
56,0.00858882829199567,0.012670951045991714,0.01568885617629458,0.0194497856827392,2020-07-23,0.017890581011278973,0.04451122208999924,0.0798841193246078,0.10483997743942777,0.24712589986531378,0.05639842119702117,-3.3817875504353014
57,0.008663927696992799,0.012729176398422167,0.01575524272632075,0.019467181773977833,2020-07-24,0.01852398002340681,0.04501931382471502,0.08003497502943616,0.10456214693420035,0.24814041581175833,0.056615528595713546,-3.38290380689911
58,0.00871793434698361,0.012830228473526781,0.01588066474905571,0.019457335023294275,2020-07-25,0.019567701259964747,0.04633476019278579,0.08117795921201236,0.10536955212594643,0.25244997279070935,0.056886162592860376,-3.4378098518881925
59,0.008786835174775997,0.012988134696421853,0.016074274657748244,0.019438400061942456,2020-07-26,0.020406855660463807,0.04722236336249895,0.08141579011911859,0.10514608686880722,0.2541910960108886,0.057287644590888545,-3.43710153954064
60,0.008918184561063464,0.013174187660661947,0.01630900673592933,0.019428042001604067,2020-07-27,0.021210829001717432,0.04835023056092492,0.08200247423675958,0.10539085695211949,0.25695439075152143,0.057829420959258804,-3.44331598845763
61,0.009170615856400454,0.013371471319309528,0.016566687572941417,0.0194157174666903,2020-07-28,0.021889944887600758,0.049411724197988,0.08256889599934186,0.10573630214179049,0.2596068672267211,0.0585244922153417,-3.4358670600933015
62,0.009488860573033223,0.013556548101299077,0.016775096592947066,0.0193889949604056,2020-07-29,0.022727568792702012,0.05057284274877462,0.08326581075440459,0.10615783908597819,0.2627240613818594,0.059209500227684966,-3.4371943754224734
63,0.009759512396285966,0.013702741413300131,0.016915257082508028,0.019308972906652087,2020-07-30,0.024058319090560065,0.052537476979733065,0.08529141769012538,0.10800156747564821,0.26988878123606674,0.059686483798746214,-3.521773843238795
64,0.009953109539709822,0.013811549810797658,0.01698584606325995,0.0191802988257303,2020-07-31,0.025198084624175943,0.05391452514616697,0.08658466084083657,0.10909579303300294,0.27479306364418243,0.05993080423949773,-3.5851723021443878
65,0.010100700854104146,0.013887467399053856,0.016998409063372126,0.019014153623700666,2020-08-01,0.02681227804414768,0.05550844269334922,0.08785461065941223,0.10987239969790391,0.28004773109481307,0.0600007309402308,-3.6674053250081267
66,0.010212634436211102,0.013941239468593448,0.016966008545981053,0.01880950203418169,2020-08-02,0.02808445574815087,0.056374287834535554,0.08821639442997002,0.10976480209278694,0.2824399401054434,0.05992938448496729,-3.712879041437356
67,0.01026263586568066,0.013950754690726977,0.01688670530943155,0.018572465578850148,2020-08-03,0.028934500226587764,0.056508769064903215,0.08770706286411563,0.10889230236487811,0.2820426345204847,0.05967256144468934,-3.7265045724894983
68,0.010277248777996255,0.013924687263830752,0.01675241294959699,0.018310738553514488,2020-08-04,0.04549892022951099,0.07804596383950434,0.11867415549968022,0.14706716046010038,0.38928620002879594,0.05926508754493849,-5.568558592503805
69,0.01029868893336159,0.013873308339635248,0.01658717602591499,0.018041160188806228,2020-08-05,0.036069640943207235,0.06449649151865547,0.09867453736828523,0.12275443093260235,0.3219951007627503,0.05880033348771806,-4.4760760979358585
70,0.010302199398053477,0.013822782685117196,0.016406167049915123,0.017781427546387087,2020-08-06,0.034203868250694214,0.061884463441471006,0.0944002796279644,0.11687316820213582,0.30736177952226545,0.058312576679472886,-4.270934625505282
71,0.01029418488679805,0.013784896796859595,0.016233768803459555,0.017550887722536802,2020-08-07,0.03351093824590471,0.06058580284475138,0.09192132548887792,0.11329386007908351,0.2993119266586175,0.05786373820965401,-4.1727029037449945
72,0.010338647116997815,0.013761086018077849,0.01609739792570324,0.01739160182912383,2020-08-08,0.03364211181469978,0.06016990165452973,0.09037470279214255,0.1105238371677414,0.29471055342911345,0.05758873288990274,-4.117503696296576
73,0.010477759301082638,0.013760611538070046,0.01599716131220396,0.017299322645045034,2020-08-09,0.03317303553197141,0.058829302997236106,0.08781775818150554,0.10697764322763713,0.28679773993835017,0.05753485479640168,-3.9847651645813653
74,0.010659679384489999,0.013760055714468377,0.015866259348026213,0.01724700621190635,2020-08-10,0.03291787024944688,0.05776555087364237,0.08569042290670768,0.1038651194031809,0.28023896343297783,0.057533000658890936,-3.8709255596539225
75,0.010836912268405684,0.013735731601846294,0.015699288359025235,0.017259880616969404,2020-08-11,0.10190173779576119,0.16925458609856292,0.23767650964442807,0.2647972910448163,0.7736301245835685,0.05753181284624662,-12.446997170958086
76,0.010979961838468218,0.013687268744975377,0.015523455272051276,0.017318801139909752,2020-08-12,0.06250304344258761,0.1054758915156206,0.15103413696829318,0.17201949380634057,0.491032565732842,0.057509486995404625,-7.538288052753428
77,0.011049346193172363,0.013620061047036903,0.015396502811664731,0.017413738528414408,2020-08-13,0.048645981352276414,0.08199357185759103,0.11838781041900759,0.13674931754555586,0.38577668117443087,0.05747964858028841,-5.711535138138021
78,0.011076838414931685,0.0135660913945781,0.015376481635654204,0.01752789555186138,2020-08-14,0.04204882005516469,0.07015850681193649,0.10128160799896885,0.11775682311784565,0.33124575798391565,0.05754730699702537,-4.756060105489173
79,0.01110112503085963,0.013554925733980656,0.015490149420149783,0.01764638599820759,2020-08-15,0.038358314915420105,0.06335238986007229,0.09117685559510028,0.1063422818402614,0.2992298422108541,0.05779258618319766,-4.177651009808084
80,0.011172022835077112,0.013600626232473902,0.015741749776439218,0.01776685154843186,2020-08-16,0.036278271106378115,0.05919277561969217,0.08462543295829414,0.0987804081427082,0.27887688782707265,0.05828125039242209,-3.7850189546264965
81,0.011255614813718885,0.013694372602047328,0.01608924441482071,0.017848091852749975,2020-08-17,0.03469085077918402,0.056012154422239495,0.07938992148468992,0.09279709413197774,0.26289002081809115,0.058887323683336906,-3.4642888209993488
82,0.011290794258964659,0.013808103712856998,0.01648371545833621,0.01787476117536893,2020-08-18,0.122787852378495,0.19131342075763375,0.25681917947274757,0.2783843379958774,0.8493047906047537,0.059457374605526796,-13.28426324302936
83,0.011257071660187773,0.013938986532308422,0.016861647841790863,0.017886035483024015,2020-08-19,0.07236577115300181,0.11538968494268469,0.15787792500260878,0.17520229805898102,0.5208356791572764,0.05994374151731108,-7.688741576247203
84,0.011182434629267369,0.014064747379021686,0.017158118491339303,0.017865236051566778,2020-08-20,0.055479185940989835,0.08926950589014261,0.12302096666950058,0.13896406943978584,0.4067337279404189,0.06027053655119514,-5.748467015801829
85,0.011129220565705176,0.01420081759506514,0.017367231017313998,0.01785561423324372,2020-08-21,0.04761131043885664,0.07685886424919117,0.10606657659802811,0.12133380989109184,0.35187056117716775,0.06055288341132803,-4.8109629360992745
86,0.01112073148801992,0.014346547737524869,0.017486713794056617,0.017855871080052012,2020-08-22,0.043434614447818466,0.07065723324434837,0.09789957946482578,0.11319006351426412,0.32518149067125673,0.060809864099653416,-4.347512208518651
87,0.011138541430356785,0.014483438068254,0.017522179110052626,0.01786555685033471,2020-08-23,0.041494920921917956,0.06780816222095301,0.09422984718060841,0.1096667642408001,0.31319969456427943,0.06100971545899812,-4.1336035942466705
88,0.011149379650065554,0.014578662277901569,0.017466934323290623,0.01786778916855269,2020-08-24,0.040014716711273435,0.06554965151742118,0.0915338791271678,0.10721720849800728,0.30431545585386965,0.06106276541981044,-3.98365008138235
89,0.011120128564543141,0.014639125003807783,0.017342357972702057,0.017858721275826522,2020-08-25,0.041052583133349294,0.06696332547099043,0.0938423636502885,0.10995309656172017,0.3118113688163484,0.0609603328168795,-4.114987966896565
90,0.011011243023326173,0.014660947292408324,0.01717263621580999,0.017795544507899927,2020-08-26,0.041855934569307626,0.06790386443850717,0.09561825952702864,0.11217483387149195,0.3175528924063354,0.06064037103944442,-4.236658136537101
91,0.0108757488055075,0.014676360580916998,0.017021369807617124,0.017733394161206974,2020-08-27,0.04289839289242943,0.06930553233333393,0.09808141977074486,0.11510159491194619,0.3253869399084544,0.060306873355248605,-4.395519976499254
92,0.0107884063175036,0.014693688789375773,0.016908713255974657,0.017693113205600887,2020-08-28,0.04489713865702136,0.07193381305942356,0.10182166866825593,0.11909087585024256,0.3377434962349434,0.060083921568454914,-4.621195944245165
93,0.010786567611766579,0.014726104920296565,0.016850237573503027,0.01771471050994187,2020-08-29,0.04665097836441317,0.07438699783289016,0.10537717536480756,0.12296831656734657,0.3493834681294575,0.060077620615508046,-4.815534379523511
94,0.010832146427252455,0.01475602011328021,0.016834167059289674,0.017783966721683985,2020-08-30,0.04786414489817552,0.07653968799271939,0.10894050365642599,0.12718949514319877,0.36053383169051967,0.060206300321506326,-4.988307365927502
95,0.010875594696509871,0.014747825687597716,0.01682844070081105,0.01791060428800009,2020-08-31,0.04842994356715348,0.07780807111817734,0.1113506946201703,0.13034129920563378,0.3679300085111349,0.06036246537291873,-5.095344287846212
96,0.01093126256284972,0.014708910051003568,0.016838505642125887,0.018045627910218763,2020-09-01,0.04909169101625574,0.07951499944805725,0.11437279075632897,0.13416487156060977,0.37714435278125175,0.06052430616619794,-5.231287505314388
97,0.01097042792100849,0.014662471994298239,0.016836966853989926,0.018205958607746948,2020-09-02,0.04940371948890682,0.08081913900024074,0.11692240749552966,0.137510156594436,0.3846554225791132,0.06067582537704359,-5.3395169359269365
98,0.010965220985829298,0.01461274012146719,0.016838381030902058,0.0183855317309446,2020-09-03,0.05010008414594075,0.08270523108164564,0.1201875038921614,0.14151814437753316,0.394510963497281,0.060801873869143146,-5.488467186822915
99,0.01096085091415848,0.014570674847524738,0.016845348191914175,0.018645694946257896,2020-09-04,0.051650215205072854,0.08555420809371891,0.1243763167503705,0.1461320443360472,0.40771278438520947,0.06102256889985529,-5.6813441606221255
100,0.010959285350602602,0.014535756852581717,0.01688902685236488,0.01896886351290968,2020-09-05,0.0535614638780983,0.08889693270931584,0.12910621910919157,0.151133734970802,0.4226983506674077,0.061352932568458876,-5.889619338012117
101,0.010899229048485537,0.014514461832424505,0.016947994139542226,0.01937335154898407,2020-09-06,0.0546729025413886,0.09109159130050554,0.13246189636679845,0.15477304049474508,0.4329994307034376,0.06173503656943634,-6.013836141757566
102,0.010734120296219597,0.014499846773177786,0.01703866763545932,0.019898897124945702,2020-09-07,0.054903498718677786,0.09176790717373698,0.13390320894230448,0.15651058255750175,0.43708519739222096,0.06217153182980241,-6.030310891949115
103,0.010515550901392152,0.014510577490608415,0.01717214780902061,0.02073033186009051,2020-09-08,0.0552901601974982,0.09276589612608166,0.13584079083266876,0.15858371758177459,0.4424805647380232,0.0629286080611117,-6.031469126225043
104,0.010306959517449834,0.014504559932430383,0.017361279109975876,0.02198785620784716,2020-09-09,0.05556113459269279,0.0935596538468819,0.1375309309857065,0.16028000481652813,0.4469317242418094,0.06416065476770325,-5.965822369798863
105,0.01013578562618212,0.014494936176152672,0.017575798021649616,0.02375276888488106,2020-09-10,0.05590404147646195,0.09442744489465532,0.13926399588374766,0.1618131675473547,0.4514086498022196,0.06595928870886547,-5.84374647814458
106,0.010057920167564363,0.014485556809265799,0.01782085190131187,0.026047920142701814,2020-09-11,0.05649688978077405,0.09567444853810506,0.14138866656695642,0.16347923546618853,0.4570392403520241,0.06841224902084385,-5.680663870775149
107,0.010036604561413334,0.01449636445942304,0.01804747339534287,0.028894124548762567,2020-09-12,0.05712980530912494,0.09742573957170603,0.14444346580379827,0.16599431652272345,0.46499332720735265,0.07147456696494181,-5.505717305505765
108,0.010028486388574051,0.014509947933756309,0.018300102640850482,0.03223193241128971,2020-09-13,0.05734017998341637,0.09872918883790853,0.14706268376776846,0.16808362745281197,0.47121568004190534,0.07507046937447055,-5.276977937774199
109,0.00994451467903797,0.01451015290277482,0.018603658660086664,0.03615432086728729,2020-09-14,0.0571850283385867,0.0993568788809754,0.14865623709968329,0.16892487372618023,0.47412301804542567,0.07921264710918674,-4.985445952739016
110,0.009814668229439941,0.014467163475618437,0.01918101820436801,0.04053095459319467,2020-09-15,0.05713248983689,0.100153585675395,0.15029455947125303,0.1696910330153348,0.4772716679988729,0.08399380450262106,-4.6822246691299645
111,0.009639987962011319,0.014414005390778235,0.020198668038122123,0.04521713912184809,2020-09-16,0.05717635896520325,0.10110603698491834,0.151994477305546,0.17045530924018515,0.4807321824958527,0.08946980051275977,-4.3731223244126145
112,0.009498567005855194,0.014373069696297555,0.021815100396709444,0.050201021244467854,2020-09-17,0.05723860392198586,0.10215720348559784,0.1536761222377834,0.17122869128364074,0.48430062092900783,0.09588775834333005,-4.050703335820508
113,0.009407052264707135,0.014404281301753334,0.024103146842391843,0.055375370135306815,2020-09-18,0.057308122224504786,0.10338579637392219,0.15551393563580115,0.17221771188735627,0.4884255661215844,0.10328985054415912,-3.728688864863539
114,0.009377010360696445,0.014487096782660448,0.02702090590229207,0.06065112179140445,2020-09-19,0.057639684709655824,0.10493660052385792,0.15741981492552687,0.1731909955900684,0.493187095749109,0.11153613483705341,-3.4217696486400695
115,0.009356763323488502,0.014669213011089647,0.030442719629569157,0.06605219596378623,2020-09-20,0.05802446070763295,0.10650195562945346,0.15912461412525153,0.17397065449972424,0.49762168496206216,0.12052089192793353,-3.1289246785496676
116,0.009318832799219802,0.015033583725987088,0.03440991937311429,0.07144641899990767,2020-09-21,0.05840525106465153,0.10807921560684945,0.16061248301384864,0.17457359839714273,0.5016705480824923,0.13020875489822886,-2.8528173353212534
117,0.009232816165957936,0.015788706098728844,0.03872223718295937,0.0768347013044336,2020-09-22,0.05883607315677786,0.10974233503510147,0.16200078808365162,0.17496980317330216,0.5055489994488331,0.14057846075207975,-2.59620525608404
118,0.009143406146160962,0.017061993855713654,0.04330580681247929,0.08237106556308954,2020-09-23,0.05934921667747288,0.11124354952377533,0.16303467528907067,0.17496801216076677,0.5085954536510856,0.15188227237744345,-2.3486163045228365
119,0.009079455187846567,0.0189084362074496,0.04813160686894795,0.08800418224126824,2020-09-24,0.06006971428210959,0.11286746814873438,0.16425469677268326,0.17514638634914517,0.5123382655526724,0.16412368050551235,-2.1216596165442727
120,0.00909540588995009,0.0213004895127633,0.05312013778910609,0.09377569819890103,2020-09-25,0.06084206200147891,0.11435127342110815,0.16538134890750586,0.17521627555107083,0.5157909598811637,0.17729173139072052,-1.909278147577278
121,0.009211615883481562,0.02421927059775325,0.058197311486289496,0.09971721930438583,2020-09-26,0.06172179291049349,0.11558706903918836,0.16619317249556276,0.17482902304996228,0.5183310574952069,0.19134541727191012,-1.7088762557539385
122,0.009479154737447863,0.027579068242164537,0.06341983798700644,0.10579820350564545,2020-09-27,0.06292165154978048,0.11711723506065354,0.16753990858259968,0.1750165549001252,0.5225953500931588,0.2062762644722643,-1.533473017024828
123,0.009984158978586153,0.03145140146924007,0.06864554088697021,0.11206545961738533,2020-09-28,0.06428431599423211,0.11875767744450491,0.16915700369243983,0.17519729472762643,0.5273962918588033,0.22214656095218177,-1.3740916339115787
124,0.01097325717225536,0.03572780707812986,0.07394113389664657,0.1184983973917668,2020-09-29,0.06434687765029753,0.11800097473805572,0.16753359505180576,0.17177210174597918,0.5216535491861383,0.23914059553879857,-1.1813676093380152
125,0.012488561522711649,0.040222749723791126,0.07934987587384743,0.12491438234235447,2020-09-30,0.06558570390898821,0.11868465102396072,0.1675701242329125,0.16981582247476182,0.5216563016406233,0.25697556946270467,-1.029984028175613
126,0.014497459908073048,0.04489586210444734,0.08480871390251536,0.13125632838665535,2020-10-01,0.06694627796952096,0.11956104694882408,0.16787748611216025,0.16817432151256553,0.5225591325430708,0.2754583643016911,-0.8970530587001772
127,0.016871740546173398,0.04958655631533051,0.0902904196626202,0.1374299829993044,2020-10-02,0.068541851091606,0.12071657300352745,0.1683978122706414,0.16668458595087385,0.5243408223166487,0.2941786995234285,-0.7823888104954042
128,0.019569988250416812,0.05428329575357054,0.09587372900219399,0.1434300603856377,2020-10-03,0.07063945849337551,0.12247070072572162,0.1693503316185123,0.16558683390204154,0.528047324739651,0.31315707339181903,-0.6862059637368095
129,0.022502785115475887,0.05900674674947853,0.10148671997933287,0.1492772376467484,2020-10-04,0.07223403746330512,0.12375485331938452,0.1698909304746226,0.16441124075812927,0.5302910620154415,0.3322734894910357,-0.5959475516019104
130,0.025691828617499312,0.06361552613821861,0.10714658964039492,0.15480877841827068,2020-10-05,0.07453555504721314,0.12578369799486575,0.17084356756063696,0.1638025043546494,0.5349653249573653,0.35126272281438353,-0.5229777890210543
131,0.02885830561457255,0.06800369890269824,0.11269164035979531,0.15987616932075335,2020-10-06,0.07578809938405674,0.12585883028265665,0.1687847907112702,0.16027322105221298,0.5307049414301965,0.36942981419781945,-0.43655146670435946
132,0.03191870349233151,0.07223913367983589,0.11795800571453359,0.1644616678627481,2020-10-07,0.07791708683186778,0.1268768886490538,0.1676555238324558,0.1578451490244297,0.530294648337807,0.3865775107494491,-0.37176797302496134
133,0.03483787818550275,0.07622740697786791,0.12288493447523866,0.16851932991418037,2020-10-08,0.08077805697311588,0.12848093929272048,0.16696185870559774,0.15593751754812188,0.532158372519556,0.4024695495527897,-0.3222326337753305
134,0.037495384880367404,0.07999165436915441,0.12742849514058108,0.17200534491799996,2020-10-09,0.08432750020982129,0.13047356558726847,0.1665709852919589,0.15449911267299718,0.5358711637620458,0.41692087930810284,-0.2853066141742428
135,0.0398702563679713,0.08356250283598975,0.13157901803510563,0.17491018032120748,2020-10-10,0.08850542613812429,0.13266859026074546,0.1662737194272354,0.15320360153089987,0.540651337357005,0.4299219575602741,-0.2575569306231744
136,0.042060230918906025,0.08694732479060438,0.1354181029064814,0.17724264390256736,2020-10-11,0.09276692372375797,0.13471053265570815,0.16576730968129533,0.15189860510197697,0.5451433711627384,0.44166830251855915,-0.23428230655024454
137,0.043931169273570186,0.09013812685400989,0.13881892167238208,0.17897925035370824,2020-10-12,0.09790618148290695,0.136905943064131,0.16526472562204517,0.15056190504923017,0.5506387552183133,0.4518674681536704,-0.2185846382529421
138,0.04555544235310976,0.093138055705433,0.14174744960608365,0.18013865770270238,2020-10-13,0.1039188123768076,0.13967243029135795,0.16554983426267378,0.15013395209496613,0.5592750290258055,0.4605796053673288,-0.21428526688619565
139,0.04705678864398829,0.09593180547346443,0.14425286728286513,0.18077511385630227,2020-10-14,0.11036432340873542,0.14226003856761985,0.1653586103988072,0.1491771795271036,0.5671601519022661,0.4680165752566201,-0.21183774653981896
140,0.04842685260480037,0.09851785809572462,0.14632844537958864,0.18094566592361758,2020-10-15,0.11727405320065434,0.14485004877800636,0.16497393094035687,0.1479748658721156,0.5750728987911332,0.4742188220037312,-0.21267413292720055
141,0.04978133433465111,0.10088557171016285,0.14798933520813973,0.1806844378543495,2020-10-16,0.12475302845709706,0.14755301017070005,0.16443464534159896,0.14644522368434332,0.5831859076537393,0.4793406791073032,-0.21664180210999737
142,0.051162440467635954,0.10306764052782967,0.14924175090540845,0.18005921310876516,2020-10-17,0.1327012645677302,0.15040939282569712,0.16368909658052908,0.14448172523326558,0.5912814792072221,0.4835310450096392,-0.22284077787690929
143,0.05253696349733087,0.10509006295988392,0.15007927503122975,0.17911087898348085,2020-10-18,0.14055763147048095,0.15305870337994418,0.16267670472136078,0.14209782620678912,0.598390865778575,0.48681718047192546,-0.22919011444602042
144,0.05393662459600377,0.10689316310798805,0.1505195555070849,0.1778446492535603,2020-10-19,0.14875324670378573,0.1558488812100595,0.16143816169053096,0.13922938457634887,0.6052696741807251,0.489193992464637,-0.23727945049218685
145,0.05535647229969702,0.10839727505373045,0.15055708261307746,0.17631351923531483,2020-10-20,0.15723313812530462,0.15889599396503473,0.16027080568227792,0.13623734614376895,0.6126372839163862,0.49062434920181974,-0.24868911400965965
146,0.056707283483674494,0.10957723005160697,0.15020338977004916,0.17453233041058022,2020-10-21,0.16574771099456656,0.16175769574960966,0.15873355567618408,0.13281642914458844,0.6190553915649487,0.49102023371591086,-0.260753323503803
147,0.05795780814681381,0.11043369331605721,0.14948498620381137,0.17242577533433415,2020-10-22,0.17440401606296022,0.1646814026273883,0.15711167907500662,0.1293332243685879,0.625530322133943,0.49030226300101654,-0.2758054966037269
148,0.05903828005968812,0.1109591114919194,0.14842383490642458,0.17001232069921582,2020-10-23,0.18198630719281544,0.1655823584755392,0.15275444325112675,0.12346049931804204,0.6237836082375234,0.48843354715724785,-0.2771104930609948
149,0.0599502700084402,0.11114592667941178,0.14706610325213054,0.1672568219011609,2020-10-24,0.19001490558789483,0.1669447281818763,0.14850535326899425,0.1177375833572068,0.6232025703959723,0.48541912184114344,-0.2838442952808096
150,0.060726659002348006,0.1110026785695124,0.14545171678809993,0.1641497573448741,2020-10-25,0.19797583920025785,0.16848820576804688,0.1441654691743958,0.11213359675792595,0.6227631109006264,0.4813308117048345,-0.2938359559714248
151,0.06129075193359883,0.11051246747446705,0.1435638435461396,0.16069543261998373,2020-10-26,0.20631388917166057,0.17022970159745857,0.13953132580362074,0.10638306706896354,0.6224579836417033,0.4760624955741892,-0.30751317196483496
152,0.061590977847862965,0.10967885922378016,0.1414750163493742,0.1568584333672774,2020-10-27,0.21489961282064166,0.17240653574571668,0.13505586743253303,0.10100914764569141,0.6233711636445829,0.4696032867882947,-0.32744207969227734
153,0.061661779140390706,0.10852687443027823,0.1391551038441383,0.15262463397975123,2020-10-28,0.22348365033319947,0.17490796548433316,0.13078257160418844,0.09615557623849504,0.6253297636602161,0.4619683913945585,-0.3536202374636791
154,0.06153394634123883,0.1071324105431982,0.13657435224849107,0.14815430083514608,2020-10-29,0.23190231552583185,0.17748389504102327,0.12652640259471232,0.09150846983717294,0.6274210829987404,0.4533950099680742,-0.3838288230012066
155,0.06120392212241276,0.10550068910677521,0.13376436575760942,0.14347403550435026,2020-10-30,0.24030722343343586,0.18038661981684787,0.12277858264009082,0.08746377864328575,0.6309362045336602,0.44394301249114765,-0.4212099003275589
156,0.06068170492399373,0.10370828969063273,0.13074517781369355,0.13869401806748252,2020-10-31,0.2484230824772237,0.18319526995763477,0.1191088578248592,0.08356539144954422,0.6342926017092618,0.4338291904958025,-0.46207912147257624
157,0.059971709500281314,0.10177674161341012,0.12748725886503398,0.13385591740681863,2020-11-01,0.25587164095493636,0.18563859099791122,0.11558640577517593,0.07983568527747276,0.6369323230054963,0.423091627385544,-0.5054240778560457
158,0.059121667698760774,0.09968319691264324,0.12398234496414655,0.128875500731398,2020-11-02,0.26265190057596105,0.18770557520864045,0.11219293421856326,0.076322415954514,0.6388728259576788,0.41166271030694856,-0.5519327108382377
159,0.05806553552646055,0.09747373213841316,0.12016038019458025,0.12385592154761071,2020-11-03,0.2688160249012665,0.1893364865342464,0.10886639377910139,0.07282888656206521,0.6398477917766795,0.3995555694070647,-0.6013987559382674
160,0.056900199882708814,0.09523442400393789,0.1161496158371357,0.1190402527229826,2020-11-04,0.27095299574819076,0.18758944637379896,0.10400775288698587,0.06921583460947664,0.6317660296184522,0.38732449244676503,-0.6311027108756462
161,0.05568451462597887,0.0928994475857193,0.11213895938171149,0.11445590358549881,2020-11-05,0.2624039659132087,0.17942994643057045,0.09838967121537653,0.06682785969255102,0.6070514432517067,0.37517882517890844,-0.6180322622478149
162,0.05441572043750812,0.0905551327857115,0.10816778389076276,0.11017512111951734,2020-11-06,0.2550997993636608,0.1727302419187996,0.09415792246462933,0.06495518381435765,0.5869431475614473,0.3633137582334997,-0.6155268944817174
163,0.05318634616646438,0.08817315750376144,0.10433070132529022,0.10630670620722844,2020-11-07,0.2437112344978803,0.1624782601974783,0.08789233213451333,0.06283043633078311,0.556912263160655,0.35199691120274446,-0.5821509946145029
164,0.05201339124670618,0.08574574756544935,0.10065899201675466,0.10289449824235199,2020-11-08,0.23092270939929024,0.15090560721380786,0.08076475562739438,0.06078639169616645,0.5233794639366589,0.3413126290712622,-0.5334312866207573
165,0.05087563809971748,0.08325774000237361,0.09704019412690254,0.0999409353338294,2020-11-09,0.20769668040364828,0.13127969813495322,0.07027562035143266,0.058847757038828115,0.46809975592886227,0.331114507562823,-0.4137095936216228
166,0.049886665297969236,0.0807230748475318,0.09364113449198791,0.09757545511434701,2020-11-10,0.1755669824770153,0.1054719047558229,0.058898221858142204,0.057902676386882165,0.3978397854778626,0.32182632975183595,-0.23619402360472339
167,0.04897248355181845,0.07813434876545393,0.09055786004118355,0.09567816647377046,2020-11-11,0.15167917089297275,0.08689735369292334,0.052063442690646264,0.05754086123834968,0.348180828514892,0.3133428588322264,-0.11118162964524096
168,0.04801433754759123,0.0755651816712345,0.08773369344600769,0.09422075420226275,2020-11-12,0.13234477239839643,0.07354891344859227,0.04857713340917427,0.05671679793309062,0.3111876171892536,0.3055339668670962,-0.018504162990875053
169,0.04705632803026162,0.07304393691527243,0.08524052634766259,0.09319662350405673,2020-11-13,0.11378210550701322,0.06093204116999407,0.0461731282905491,0.05618900438998784,0.27707627935754425,0.2985374147972534,0.07188759055304371
170,0.04598355894623531,0.0706534677819962,0.08310697673719836,0.09255249785539207,2020-11-14,0.09616592307900751,0.05021643725406691,0.04497802388672628,0.05556988275939865,0.24693026697919934,0.29229650132082197,0.15520621744229862
171,0.04481079590448511,0.06839835132708906,0.08136427480858073,0.09221449622740559,2020-11-15,0.08204616715443996,0.04173396933724822,0.04428956753978167,0.05528474926494572,0.22335445329641557,0.2867879182675605,0.22118597378277388
172,0.04355246877557332,0.06623894094263061,0.08002534506757951,0.09213583762773504,2020-11-16,0.07067386263107264,0.035420831515787836,0.04415621545269064,0.055433397655622524,0.20568430725517364,0.28195259241351844,0.2705003862723415
173,0.04219242639732683,0.0642416846656985,0.07909299436559172,0.09226698562796637,2020-11-17,0.0600381120415813,0.030545405430034877,0.043984917379188644,0.05519479694816643,0.18976323179897125,0.2777940910565834,0.3168924829278723
174,0.04077884996872001,0.06260345246481626,0.07850146653445161,0.0926256316833928,2020-11-18,0.05223940527057111,0.027213249316377145,0.044023215710121404,0.05521689395491007,0.17869276425197972,0.2745094006513807,0.34904683108133494
175,0.039473358153147,0.06134087442421318,0.07827065781970245,0.09315925533686167,2020-11-19,0.05113047564979362,0.05336471912596609,0.051985112786216536,0.04771259203126126,0.20419289959323753,0.2722441457339243,0.24996403855529048
176,0.038254810315538984,0.06037010699774831,0.07828982606710337,0.09377805368363491,2020-11-20,0.03065775592579784,0.03136352667807229,0.04477123856960567,0.04765692412162264,0.15444944529509844,0.27069279706402555,0.4294290540040956
177,0.037201610115909604,0.05966491364664625,0.07844373538995282,0.09442254061297872,2020-11-21,0.03106156915223035,0.025408972326540866,0.04005082845129992,0.04528176646501914,0.14180313639509026,0.2697327997654874,0.4742829328936728
178,0.03634232328309161,0.059239164865267875,0.07868115242649641,0.09507816915133048,2020-11-22,0.031842632651573145,0.02372936571984428,0.03741621852408734,0.04312696278248261,0.13611517967798736,0.2693408097261864,0.49463588597523367
179,0.0355875871888908,0.05902147149766763,0.0789579451385474,0.09565827370714781,2020-11-23,0.0318417625756858,0.023314622322953327,0.035870366219545674,0.04137457096940867,0.13240132208759348,0.2692252775322536,0.5082136294882951
180,0.03502556924843837,0.05904871065822138,0.07924131400927296,0.09613972001998126,2020-11-24,0.031122703384474246,0.0231211287870379,0.03403323212516493,0.03917113322560227,0.12744819752227934,0.269455313935914,0.5270154607060707
181,0.03475132360954286,0.059154276583318996,0.07947838484565922,0.096437621015866,2020-11-25,0.029868401073496507,0.023263053081522156,0.03340416504772557,0.03797766046442934,0.12451327966717357,0.2698216060543871,0.5385348064303056
182,0.03462292218375176,0.059259648138316696,0.0796675466740822,0.0964951705376313,2020-11-26,0.04657095232017877,0.03427440568111977,0.03652613955117988,0.03926839114016059,0.156639888692639,0.27004528753378193,0.41994955689406804
183,0.03457076052042712,0.0592898373672154,0.07972274581182008,0.0962262186364803,2020-11-27,0.026253710270846872,0.026041768333224996,0.034588100063811994,0.037297457484610406,0.12418103615249426,0.2698095623359429,0.5397456076894892
184,0.03456540968791975,0.05920689834977434,0.07960053658380857,0.09561481932263027,2020-11-28,0.022107699373815053,0.024272586001259443,0.0333418362008842,0.03572770961677077,0.11544983119272946,0.2689876639441329,0.5707987886882885
185,0.034582349099015953,0.05899136451957671,0.07925658795084627,0.0946182909472718,2020-11-29,0.021248543032108363,0.024000497084018364,0.03272034709842694,0.03476852715856167,0.11273791437311532,0.2674485925167107,0.5784688440038389
186,0.03456155128491852,0.05864773273638424,0.0785923050922445,0.09319512738391997,2020-11-30,0.020871766295192044,0.02392212344449984,0.03271131882572879,0.03456993701111313,0.11207514557653381,0.26499671649746726,0.577069682002626
187,0.03444326599913883,0.05823891578336314,0.07771367509538427,0.09145626586783444,2020-12-01,0.02056667462916038,0.024027540968874717,0.03280058274286204,0.0344340286857725,0.11182882702666963,0.2618521227457207,0.5729313711339878
188,0.03421501316617858,0.05782298526484016,0.07669137947066966,0.08951251030011524,2020-12-02,0.021177236608044225,0.024235830051811656,0.03313548190382052,0.034490530913705554,0.11303907947738195,0.25824188820180366,0.562274423160013
189,0.03385847952910719,0.05743599950969259,0.07550949250941255,0.087371515300227,2020-12-03,0.048238674158036836,0.026092927863747756,0.04229772151630362,0.06695406402005842,0.18358338755814663,0.2541754868484393,0.2777297691668654
190,0.03337270078685203,0.05701981051529122,0.07413269820135333,0.08513479723988784,2020-12-04,0.030790884036009908,0.024746260632303514,0.036943048220436564,0.04798551845158575,0.14046571134033572,0.24966000674338443,0.4373719957289161
191,0.03287473788910176,0.0565460942774591,0.07263573944876549,0.08288200242142008,2020-12-05,0.024879728874573466,0.024909643559797027,0.03608552028342785,0.04270791885775395,0.1285828115755523,0.2449385740367464,0.4750405807610282
192,0.03247561693681961,0.056046230504291916,0.07102010467890271,0.08067909772614844,2020-12-06,0.02191876484103537,0.025528763379417216,0.0360536824316854,0.040816003780380125,0.12431721443251811,0.24022104984616266,0.4824882560785962
193,0.032317744157229565,0.05546822833581903,0.06933169140193618,0.07854395615824297,2020-12-07,0.020518044480288346,0.026057693452559746,0.03603635357372169,0.04006871609502971,0.1226808076015995,0.23566162005322774,0.4794196544439855
194,0.03247756620393198,0.0549102269074691,0.06761667620007511,0.07649443645970555,2020-12-08,0.020064689362050754,0.026348090006482406,0.03539755531271007,0.03874645082901987,0.12055678551026311,0.23149890577118173,0.47923388618767854
195,0.03282465549669755,0.05440360518929035,0.06590217726507333,0.07446688221517204,2020-12-09,0.01972986385826239,0.02695452121237043,0.03490451835938113,0.03810189226915717,0.11969079569917111,0.2275973201662333,0.47411157736061676
196,0.033400489282873425,0.05394333834365055,0.06419361714144568,0.07253950170757396,2020-12-10,0.021091064450223015,0.0512579323459112,0.08315865892599093,0.10331765765212056,0.25882531337424575,0.2240769464755436,-0.15507336852474773
197,0.033865954563018684,0.05343962177181828,0.06251599612588173,0.07067505908944102,2020-12-11,0.02094002290253441,0.035134402653548405,0.05391810100320647,0.06825491030241786,0.17824743686170713,0.22049663155015972,0.19160925222044276
198,0.03416283782012762,0.05292120705614555,0.06087635715191594,0.06885183468998284,2020-12-12,0.021648997028201708,0.03129156107573911,0.04378881109431981,0.05409431672921785,0.1508236859274785,0.21681223671817196,0.30435805556708545
199,0.03437128143779848,0.05237694859939542,0.059271511038917306,0.06707770595309785,2020-12-13,0.022226073016417373,0.0295952514913712,0.03897903988117355,0.046353142096240404,0.13715350648520253,0.21309744702920907,0.35638127815579596
200,0.03442669690034149,0.05176180074538624,0.05770527400165842,0.06535666746662819,2020-12-14,0.02253549851674995,0.028723737921875627,0.036402081381459346,0.0413623901281658,0.12902370794825074,0.20925043911401434,0.3834005391121327
201,0.03463735139923203,0.05110247107081602,0.05623394982692741,0.06372051281550507,2020-12-15,0.022476423233865252,0.027994233122658467,0.034690788849413436,0.03738900165105296,0.12255044685699013,0.2056942851124805,0.4042107354126273
202,0.03494600235470427,0.050353480215690895,0.054902968906164265,0.06213958778918044,2020-12-16,0.022782244948525345,0.02746705746282684,0.03371550416122036,0.03444410372652451,0.11840891029909706,0.20234203926573985,0.41480815984270936
203,0.035390817307264795,0.04950281173132399,0.05374517135198413,0.060558421497748385,2020-12-17,0.02267714708366916,0.02712618027014198,0.033170320224037944,0.03235329877247147,0.11532694635032056,0.19919722188832129,0.4210413917570702
204,0.03574051384105808,0.04857405316375339,0.05266321009621188,0.05889795992400132,2020-12-18,0.02263770088790464,0.026945861170759366,0.03274265785473756,0.030449712659309423,0.11277593257271099,0.19587573702502467,0.4242475648818977
205,0.0359380696033307,0.047758607352419796,0.051687477167434194,0.05722961452250685,2020-12-19,0.022665339146298747,0.026904605604841286,0.032407703270765045,0.028842617284650332,0.11082026530655541,0.19261376864569155,0.42465034516609945
206,0.03599346107875794,0.047206713456587265,0.05084265072153652,0.055577547934341616,2020-12-20,0.022763065007149474,0.02706424836077435,0.03215255977111072,0.027640422187751493,0.10962029532678604,0.18962037319122332,0.42189600472814665
207,0.03573856135158677,0.04694699291128756,0.04993809086597388,0.053846620797381006,2020-12-21,0.022860269504678368,0.0274311640275897,0.03181304022252699,0.026766212408631487,0.10887068616342654,0.18647026592622923,0.41614988522353685
208,0.03536051168947529,0.047017346262869644,0.04896734125719353,0.052111479793077946,2020-12-22,0.022926366722055534,0.02784947339306768,0.031494843756076724,0.026583430349061934,0.10885411422026187,0.18345667900261642,0.40664948906706516
209,0.03501624088432356,0.04730742629215393,0.04790791155138224,0.05036482293903506,2020-12-23,0.022963635385955868,0.02813541381897366,0.030908288539839093,0.02649076760720645,0.10849810535197507,0.18059640166689478,0.39922332698468205
210,0.03487493371404473,0.04776331599723545,0.04676309516415968,0.048679142357908704,2020-12-24,0.02298222814219993,0.02815450321713554,0.030039313735221968,0.026541156114245137,0.10771720120880257,0.17808048723334857,0.3951206958028206
211,0.0350839797024562,0.04827015439830111,0.0455159040649179,0.04715222371452413,2020-12-25,0.023031638324815605,0.02812250182364306,0.029217965493571335,0.026760820516000414,0.10713292615803041,0.17602226188019934,0.39136717700545726
212,0.035626130914482364,0.04873702291325449,0.04429073593973737,0.04583413228853745,2020-12-26,0.02312662117593239,0.028175749670716337,0.02846667133116531,0.027102973764106277,0.1068720159419203,0.17448802205601166,0.38751087505815285
213,0.036525164331234476,0.0491157722930039,0.04315123982603058,0.04478407699169895,2020-12-27,0.023270837548362643,0.028274073677486057,0.027869466413914256,0.02745107734372371,0.10686545498348667,0.17357625344196792,0.3843313652393402
214,0.03760705812010919,0.04927162609104328,0.04214558190012655,0.04403115061855015,2020-12-28,0.023500303123281167,0.02831049691301337,0.02749528365862796,0.027851759131523844,0.10715784282644636,0.17305541672982916,0.38078885451046496
215,0.03856427418706304,0.0491332327132486,0.04136609888290814,0.043622939212722936,2020-12-29,0.02365015023604589,0.028148838595928188,0.027362844249966878,0.028279585660698027,0.10744141874263899,0.17268654499594271,0.3778240293986811
216,0.039231826171937344,0.048697098262448696,0.04078745677065844,0.04369600994657881,2020-12-30,0.023782197024685207,0.027847698472269027,0.027467825544530547,0.028811878897160307,0.10790959993864509,0.17241239115162327,0.37411923111867873
217,0.039570193999461,0.04808258527437704,0.04050575530373395,0.044425473053066565,2020-12-31,0.023748578626392344,0.02735329064199648,0.027625016109498073,0.029111692638486397,0.10783857801637328,0.17258400763063855,0.37515312399531464
218,0.039701734951680785,0.047386593214573114,0.04061038062358156,0.04581159696397602,2021-01-01,0.023829588067488205,0.02687430095791941,0.027835279806552784,0.029443383149849855,0.10798255198181025,0.1735103057538115,0.37765914530158556
219,0.039742169942332164,0.0468687185782976,0.04114899874677936,0.0477288009391501,2021-01-02,0.02396978841834542,0.02642833714297093,0.02796199174231793,0.02966418196209759,0.10802429926573187,0.17548868820655922,0.3844372513709732
220,0.03977007301490908,0.046710300725592784,0.042233380973885494,0.05019091430679775,2021-01-03,0.02414293803768288,0.02606447807831274,0.028085377993291846,0.029660813288709276,0.10795360739799674,0.1789046690211851,0.39658585777203303
221,0.03974311583963626,0.04691883789027978,0.04381326478763978,0.053068328861887226,2021-01-04,0.024502960030275262,0.025683236746128043,0.027490528961790987,0.028257575479862046,0.10593430121805633,0.18354354737944303,0.4228383251247926
222,0.039611638192373434,0.04746608593165075,0.045659256037431616,0.056202118187585096,2021-01-05,0.024690456907745215,0.025549922745608276,0.027096860803086816,0.026933044805730718,0.10427028526217103,0.18893909834904088,0.44812753859158905
223,0.03933296439157261,0.048170805596517006,0.04772266433999899,0.059423376255605474,2021-01-06,0.024664035292595463,0.02554581725595673,0.026895049326176368,0.025692253510777786,0.10279715538550635,0.1946498105836941,0.4718866919148304
224,0.03898985466228233,0.04890528348983534,0.04991362791610394,0.06260925785307807,2021-01-07,0.025968213386465478,0.025512723242354332,0.02740830825274773,0.024663610974122993,0.10355285585569053,0.20041802392129965,0.4833156528059883
225,0.03857008156334978,0.049648200941588685,0.0521916456124884,0.06567678027370627,2021-01-08,0.025627083501713305,0.02586784450455161,0.027535827527817247,0.02380549237364647,0.10283624790772863,0.20608670839113313,0.5010049473323862
226,0.03839876764559651,0.05045451579134169,0.05453635277539312,0.06863547461502542,2021-01-09,0.02500479457129772,0.026054026136179274,0.027456040851673833,0.022983984720042438,0.10149884627919327,0.21202511082735673,0.5212885592507032
227,0.038493729126344654,0.05125474940741079,0.05685201720672262,0.07138685965348496,2021-01-10,0.02385742072198766,0.025597617690733866,0.026722851347219884,0.0220999897285484,0.09827787948848982,0.21798735539396302,0.5491578889478489
228,0.038656152550972975,0.05190682967699335,0.05897801738148372,0.07379109022100178,2021-01-11,0.02335977482819487,0.025332325948006364,0.02577815982079791,0.02120367483668053,0.09567393543367966,0.22333208983045183,0.5716068590666351
229,0.03885028374294898,0.052403169406402474,0.060869523385070054,0.07584952115576726,2021-01-12,0.026560064181100584,0.028112404872133748,0.028609796686866577,0.023410679239414162,0.10669294497951508,0.2279724976901888,0.5319920338614301
230,0.03881857412613915,0.05281144337825609,0.06249522417529906,0.07757996969482235,2021-01-13,0.02726662273836655,0.028519522539898853,0.02780072954827084,0.023142709204823513,0.10672958403135976,0.23170521137451666,0.5393733986464058
231,0.03858573402376667,0.053243429424250276,0.06381968773397009,0.07901714123732657,2021-01-14,0.029043760838407925,0.02999535301549352,0.027934569525436673,0.023232432906257483,0.1102061162855956,0.23466599241931363,0.5303703142095108
232,0.03807320793292778,0.05367528303605459,0.06485019791232037,0.08018972695102963,2021-01-15,0.030844212208518688,0.03084833209346166,0.02743984374915036,0.02329392631229801,0.11242631436342872,0.23678841583233237,0.5252034861239296
233,0.03747354811056207,0.05412500532284364,0.06568333673107864,0.08119622877283626,2021-01-16,0.032633274416711724,0.031657954112509094,0.027135090611519228,0.023439001264936744,0.11486532040567678,0.23847811893732063,0.5183402111794294
234,0.03694441904582501,0.05453391158388368,0.0663747040691842,0.08210346693754922,2021-01-17,0.08618687115993379,0.07817345341690873,0.06946427599016951,0.05992773230469953,0.29375233287171154,0.2399565016364421,-0.22418992970974153
235,0.03655423822760079,0.05484667350669486,0.0670058041939099,0.08297814433253624,2021-01-18,0.06696404286392278,0.0583035172792801,0.0494875312495128,0.04290047858716934,0.21765556997988503,0.2413848602607418,0.09830479946101259
236,0.03645168660734636,0.05500673965545572,0.06768568896937202,0.08385374229337134,2021-01-19,0.05886997017844067,0.05037002519465056,0.04173864127448637,0.03632771276830052,0.18730634941587812,0.24299785752554542,0.2291851816175485
237,0.036523137472536465,0.05498346763286266,0.06840000333662354,0.08468192362415662,2021-01-20,0.05390321986029649,0.04518629352238745,0.03709106471858957,0.03246858519010802,0.16864916329138152,0.24458853206617925,0.3104780429944709
238,0.03666397285668306,0.05482107124828242,0.06911930870265459,0.08544529990585897,2021-01-21,0.05131948984626358,0.04244270529255586,0.03470491275709705,0.030867693054839898,0.15933480095075642,0.24604965271347906,0.352428263183532
239,0.036707792537320066,0.05459022152319819,0.06984789705096203,0.08611838137456486,2021-01-22,0.049974125370846556,0.04050993116976269,0.03315393181292234,0.029743424078777152,0.15338141243230874,0.24726429248604515,0.37968636356596
240,0.03653135441498074,0.05435914589085726,0.07055661671889632,0.08667888929940373,2021-01-23,0.04948147636014643,0.03939725577864603,0.032232529630441105,0.029162939970108107,0.15027420173934167,0.24812600632413806,0.39436335608033046
241,0.03609849645052948,0.054157964837284356,0.07123250521660811,0.08711874852299875,2021-01-24,0.08017109323649622,0.0653009318259,0.055583901923360664,0.04763604713714393,0.24869197412290078,0.2486077150274207,-0.0003389238965121334
242,0.03531955811629458,0.054015377955638794,0.07184092208111366,0.0874364957641176,2021-01-25,0.06631287929854479,0.05152439841988241,0.041725637822344855,0.03688761144216368,0.19645052698293575,0.24861235391716463,0.20981188630557243
243,0.034327094515321836,0.05403569468694479,0.0723781074247414,0.08763925544142272,2021-01-26,0.06047869839150676,0.046120403435568495,0.037000165374604925,0.03348702652824469,0.17708629372992485,0.24838015206843073,0.2870352471596195
244,0.03341499117550454,0.054227047875653626,0.0727966161858419,0.08769425898261461,2021-01-27,0.055305319325113525,0.04136240754915164,0.03275188600315102,0.030090318427869522,0.1595099313052857,0.2481329142196147,0.3571593200081935
245,0.032742833285726906,0.0545042816412595,0.07304843395331091,0.08752659136858336,2021-01-28,0.05265613913264122,0.03922062256006222,0.031148260701808386,0.029110462221771664,0.1521354846162835,0.24782214024888066,0.38611019796900226
246,0.03240673982147562,0.05474936474815591,0.07303747823244601,0.08706617543157334,2021-01-29,0.050460322333886455,0.03753752163212598,0.029970211497566773,0.028415341219016496,0.1463833966825957,0.24725975823365087,0.4079772716421203
247,0.03228848392127546,0.05483095348447895,0.07272190857053931,0.08625822653837331,2021-01-30,0.049633950607326546,0.036835688288389255,0.02957170950463688,0.028356861847767523,0.1443982102481202,0.24609957251466705,0.41325290095936945
248,0.032214749414268266,0.05464961173394817,0.07207818315877848,0.08508211896689692,2021-01-31,0.06637339545569165,0.05061328934474487,0.04120272874646661,0.03842978666101747,0.19661920020792062,0.24402466327389183,0.1942650485814362
249,0.03203626347642556,0.05410100506984382,0.07104162759845245,0.08346486232721233,2021-02-01,0.057158597588937335,0.04121002292332874,0.03234059583800011,0.031126842783036315,0.1618360591333025,0.24064375847193414,0.32748698673530247
250,0.031718896564627376,0.05319603901242521,0.06960685786324669,0.08139431239590218,2021-02-02,0.05318078240098192,0.037803241466996526,0.02985733713412249,0.029158927970700365,0.1500002889728013,0.23591610583620143,0.364179531358712
251,0.03125501115473223,0.05200330749447398,0.06789098192147987,0.07895605849577311,2021-02-03,0.049049693735504364,0.03496184245000832,0.02812205366741407,0.02783700381698979,0.13997059366991654,0.2301053590664592,0.39171084829236796
252,0.03057601306987331,0.05060383453975877,0.06594440934331523,0.0762549116673154,2021-02-04,0.047532245946538314,0.03399091489892103,0.027765853902814667,0.0278973281064644,0.1371863428547384,0.22337916862026272,0.38585883499302165
253,0.02975083529482501,0.04909048763969928,0.06386369552191558,0.07338751815117278,2021-02-05,0.04588777751210121,0.03298547384448519,0.02733884908218241,0.02793350289890905,0.13414560333767786,0.21609253660761266,0.3792214879625228
254,0.028816180517586377,0.047520197402598253,0.06168900240506676,0.07044165857600616,2021-02-06,0.044249034021445,0.03188777490899671,0.02671099205117529,0.027784401818258624,0.1306322027998756,0.20846703890125756,0.37336759092284694
255,0.02777007536247468,0.04589176813889736,0.05942366775998603,0.06741750029401733,2021-02-07,0.042723912453302856,0.031066118149308368,0.02627379525387052,0.027671470700274127,0.12773529655675586,0.2005030115553754,0.36292579564832306
256,0.02663164370505093,0.04423972110740033,0.05709369340620953,0.0643687219285839,2021-02-08,0.0388078721094363,0.02784101073616295,0.02411758976420525,0.026549743315845396,0.11731621592564989,0.1923337801472447,0.39003842260139493
257,0.02557996154364749,0.042673892096304775,0.054816625014343,0.06143127954499103,2021-02-09,0.0378380825773639,0.027210689009344303,0.023684956004145632,0.026550190024900604,0.11528391761575443,0.1845017581992863,0.37516087249839347
258,0.024629719491449844,0.0412267165952172,0.0526098147545364,0.05860723858796948,2021-02-10,0.036898743005010094,0.02695235839960752,0.023779504893812142,0.02703722367895348,0.11466782997738323,0.17707348942917292,0.35242802100396364
259,0.02379862215581739,0.03985550403495022,0.050490929393877323,0.05587776793080217,2021-02-11,0.035079875315912085,0.025463169008215363,0.02249198003710843,0.025979060206605762,0.10901408456784165,0.17002282351544712,0.35882676034998695
260,0.02308353253296669,0.038559701909042156,0.048450358073211554,0.053274156520052934,2021-02-12,0.03432077931453132,0.025022216159866047,0.022386202672212883,0.02614925334154551,0.10787845148815577,0.16336774903527335,0.3396588241852844
261,0.022469090432730168,0.03732134206240938,0.04650997786250662,0.050771690324969435,2021-02-13,0.03332688077950082,0.02451071088123068,0.02238145244261493,0.0264073836329719,0.10662642773631834,0.15707210068261562,0.32116252808147805
262,0.02192052667371635,0.036130345232107265,0.04465995640620072,0.048358210972567296,2021-02-14,0.03282122763180188,0.02421047063503373,0.022447016434946704,0.026661673175933355,0.10614038787771568,0.15106903928459162,0.2974047602317576
263,0.021404475756012238,0.03495452878162806,0.04288618434280889,0.04599649771154787,2021-02-15,0.02900839020741231,0.02189722266984373,0.021080639470140588,0.02518407873920671,0.09717033108660333,0.14524168659199707,0.3309749193455215
264,0.020872223287373468,0.03373171414897261,0.04111530107132838,0.04360967926928658,2021-02-16,0.028261449497453746,0.021314461245052006,0.020808360669275838,0.02497215681219808,0.09535642822397968,0.13932891777696105,0.31560203190103664
265,0.020331520308247426,0.03248009732167293,0.03933748486329942,0.041231336348050464,2021-02-17,0.02782014672546068,0.02109250463388138,0.020820805464782464,0.025003202178017915,0.09473665900214243,0.13338043884127024,0.2897259911186523
266,0.019773128755323496,0.031225294802330193,0.037544959606990655,0.038907307622813206,2021-02-18,0.026449365081751004,0.020256830796499297,0.020260580188786764,0.02422390680561712,0.09119068287265418,0.12745069078745755,0.28450224703192994
267,0.01918068021851054,0.029958815690011274,0.03577485462889284,0.036643881706987104,2021-02-19,0.025918410162200516,0.01993993725803,0.020084414349750137,0.023924890141029116,0.08986765191100976,0.12155823224440176,0.26070287259258396
268,0.01858006869323621,0.028703064790711844,0.0340022791053213,0.03448794237474019,2021-02-20,0.025562156406865055,0.020066291807036146,0.020510638343432835,0.02431163610026451,0.09045072265759854,0.11577335496400955,0.21872590903393144
269,0.01798272389979742,0.027478799109041614,0.032239412790868366,0.032448598899063,2021-02-21,0.02430861836006531,0.019152537132508092,0.01964344491837906,0.023209866350605027,0.08631446676155749,0.1101495346987704,0.21638827619558684
270,0.017406282543117206,0.026291211308722126,0.030475477286291016,0.030509074546050098,2021-02-22,0.022072262634919536,0.017163994980372126,0.017629339346234764,0.020653005042819587,0.07751860200434602,0.10468204568418044,0.2594852202428765
271,0.01687092146625247,0.025144463863286077,0.028740755047878902,0.028686749330656746,2021-02-23,0.021673848087582097,0.0168746635293828,0.017393947965493674,0.020226842002146958,0.07616930158460553,0.0994428897080742,0.23403974071741998
272,0.01631856907318858,0.02398568528746854,0.026984910991195377,0.026937360283358074,2021-02-24,0.020678982615566395,0.016277537158212743,0.017011058464696638,0.019708852307164,0.07367643054563977,0.09422652563521058,0.21809246335929477
273,0.015756772124870793,0.022803213190552153,0.025262112860277568,0.025287100539584818,2021-02-25,0.029675037728145785,0.023230915569530344,0.02326121822708861,0.025275781446612283,0.10144295297137702,0.08910919871528532,-0.13841168402265117
274,0.015142073522792175,0.021634703013301494,0.02358661474029587,0.023765480381323322,2021-02-26,0.02885565301553274,0.022519774684816356,0.02236949345210971,0.023933305473238648,0.09767822662569746,0.08412887165771286,-0.16105475683914514
275,0.01454322697502478,0.02048721953705667,0.02203562233691408,0.02236483909288903,2021-02-27,0.02021945590652716,0.01583218762480036,0.016367159524428607,0.018180596815509095,0.07059939987126522,0.07943090794188457,0.11118478057786897
276,0.013960826957146935,0.01936692568928132,0.02060410427575694,0.02110204403121102,2021-02-28,0.016807236514448706,0.01380575375109308,0.014708041505077872,0.016555341025432564,0.06187637279605222,0.07503390095339621,0.1753544463257504
277,0.01343282241453829,0.018305280460104205,0.019316674887746136,0.020038855313339064,2021-03-01,0.015288618286740583,0.013151483578665371,0.014154846901202474,0.015871999116918282,0.058466947883526715,0.07109363307572769,0.17760641348503392
278,0.01295652320933695,0.01731739490036664,0.01820005092951287,0.01918005107139664,2021-03-02,0.014527433448054855,0.012910293878592933,0.013841703317899703,0.015391746310171808,0.0566711769547193,0.0676540201106131,0.1623383671500533
279,0.012542215850490094,0.016435472701568737,0.017313865088576106,0.01853496156444213,2021-03-03,0.013917456844388533,0.01277132838963088,0.01358329537009871,0.015008812223569219,0.05528089282768735,0.06482651520507707,0.1472487352928409
280,0.01218305857443918,0.015673348549534883,0.01664501308405377,0.018049996275551677,2021-03-04,0.022533548838288578,0.01595861831428751,0.013696820438782125,0.01336946666278086,0.06555845425413907,0.06255141648357951,-0.04807305636873863
281,0.011901773634405392,0.0150033816634977,0.01617544580677632,0.017708043796034148,2021-03-05,0.02196210074026661,0.015560066630511266,0.013132367955500641,0.012571157618237577,0.06322569294451609,0.06078864490071356,-0.04009051440088807
282,0.011664069464751696,0.014432431003939197,0.01584109480586227,0.017495311968484136,2021-03-06,0.015099361947677416,0.013368086975865409,0.012864431133378922,0.013057613413671836,0.05438949347059358,0.059432907243037306,0.08485894441979482
283,0.011454498443221071,0.013954743293466215,0.015604611982882623,0.01738679532834106,2021-03-07,0.012859561704110362,0.01250099641308658,0.01252854130406011,0.012938665612119328,0.05082776503337638,0.058400649047910966,0.12967123033721611
284,0.011230853187779449,0.013530964159109612,0.015428952800810726,0.017318423022972353,2021-03-08,0.012069629876068924,0.012021849853824701,0.012179758019330862,0.012491711112877675,0.04876294886210216,0.057509193170672136,0.15208428124897225
285,0.010970132516942304,0.013166805204714646,0.015271332927160142,0.017299676761066356,2021-03-09,0.011125811108704859,0.011485564502678122,0.011865158632353545,0.012057639169642222,0.046534173413378746,0.05670794740988345,0.17940649346676138
286,0.0106752811360555,0.012869707710185209,0.015118369250248119,0.017293413726741785,2021-03-10,0.011012020762384486,0.01131759198374099,0.011647939003882458,0.011679670700153631,0.045657222450161565,0.05595677182323061,0.18406260828636936
287,0.010412777865795,0.012668842297121792,0.014977650906615817,0.017327167747855383,2021-03-11,0.010230665799405863,0.012111708484142813,0.013243560495346115,0.012499573295552643,0.04808550807444743,0.05538643881738799,0.1318180207796372
288,0.010162239920037185,0.012545981586661132,0.014855088830879182,0.01737374876668898,2021-03-12,0.009992155045044488,0.011890891097401516,0.01281866433130511,0.011989021713876611,0.046690732187627725,0.05493705910426648,0.15010499380732845
289,0.009949551485201583,0.012478301476549854,0.014796581385199561,0.017447292817790828,2021-03-13,0.010281958360724477,0.010682329154524344,0.01046763947180633,0.010161824887168564,0.04159375187422372,0.05467172716474182,0.23920911170613574
290,0.009760194713339412,0.01245274263396116,0.014812547099724484,0.017567287474288228,2021-03-14,0.010282743775484503,0.010717841575828632,0.010327100652711335,0.010205638816120712,0.041533324820145184,0.05459277192131328,0.23921568078629885
291,0.009598469236667446,0.012454428926611657,0.014867275199880374,0.01777963764715628,2021-03-15,0.010072839203353882,0.01070069748784668,0.010117755664516183,0.010122197438067193,0.04101348979378394,0.054699811010315756,0.2502078336970987
292,0.00946026485363828,0.012468022510106893,0.014949641133269687,0.018082877531200366,2021-03-16,0.009937565556877009,0.010661461534443277,0.009959062219690657,0.010223842563671875,0.04078193187468282,0.05496080602821522,0.2579815540960843
293,0.009367847486374,0.012479692720290427,0.015029621500126511,0.018500236457926512,2021-03-17,0.009990152860551273,0.010520830897076536,0.00974170503461868,0.010357192873094497,0.04060988166534099,0.05537739816471745,0.26667046464427924
294,0.009338010703449556,0.012466103854227,0.015093274498573565,0.01901296309594184,2021-03-18,0.01001663113735497,0.010459188532024,0.009630048191808082,0.01070689089380302,0.04081275875499007,0.05591035215219196,0.2700321642780064
295,0.009338936204847022,0.012431726757082776,0.015132923148183082,0.01962432314172989,2021-03-19,0.0101047955956131,0.010370499984597884,0.009531090472056579,0.01116346986118042,0.04116985591344798,0.05652790925184277,0.2716897465634487
296,0.009357237768222943,0.012377277376993243,0.015162048974739615,0.0203242611959505,2021-03-20,0.010259883662027323,0.010263874448276636,0.009440047568220354,0.01169763339771429,0.0416614390762386,0.057220825315906304,0.27191824224427064
297,0.00932353705348526,0.012320284688092865,0.015198611274034823,0.021091356353379664,2021-03-21,0.010377378816235837,0.010128099222057452,0.009371358003948888,0.012240589440470183,0.04211742548271236,0.057933789368992614,0.27300758432255257
298,0.009215093518037839,0.012267453027642395,0.015344594921106824,0.021863683778971528,2021-03-22,0.010404960942953293,0.009911388747052089,0.009267358619511402,0.012568459932943556,0.04215216824246035,0.05869082524575859,0.2817928855838237
299,0.009012156461601091,0.012234449557540987,0.015598744078521947,0.02263911381800668,2021-03-23,0.01046447659343753,0.009772765116974785,0.009302293898012633,0.012968717249173398,0.04250825285759835,0.05948446391567071,0.2853889896719757
300,0.008773507983439883,0.01222646464505595,0.01600540434717074,0.02341865333693943,2021-03-24,0.010573677747722486,0.009783769769914038,0.00955868348896002,0.013177923388931697,0.04309405439552824,0.060424030312606,0.2868060244809966
301,0.008546891996726393,0.012245076025039405,0.016548360113273423,0.024225563589823876,2021-03-25,0.010461707610109864,0.009686063656781152,0.009654541601123437,0.013400754942989068,0.043203067811003526,0.0615658917248631,0.2982629407192332
302,0.008383666242971533,0.012284748528239282,0.017232900997029663,0.02505380057032285,2021-03-26,0.010332003028913994,0.009579809402085476,0.009856270971808708,0.0135728620117968,0.043340945414604974,0.06295511633856332,0.3115580125128549
303,0.0083643561896183,0.012352071023393588,0.01803721429501797,0.025878571299783736,2021-03-27,0.010213618825341329,0.009430123416747897,0.01008884206986059,0.013618626834768605,0.04335121114671842,0.06463221280781359,0.3292630831683739
304,0.008467397233681463,0.012453588361529853,0.01892533500999935,0.026699477034836418,2021-03-28,0.010134054950825252,0.009349601355223574,0.010424248794337017,0.013736082973198598,0.04364398807358444,0.06654579764004709,0.3441511016268952
305,0.008598536100065583,0.01262455905405743,0.01980475742329495,0.027510611825459826,2021-03-29,0.01001329150663921,0.00931792373468721,0.010751329077973664,0.01384097040055025,0.04392351471985033,0.0685384644028778,0.3591406649897737
306,0.008699797544441954,0.012889996747366085,0.02065636265219765,0.02827618645722408,2021-03-30,0.009973390743386788,0.009491439546019083,0.01117092005014053,0.013985223924479557,0.04462097426402596,0.07052234340122976,0.3672789060601768
307,0.00873389605783619,0.013305644691609185,0.021484125141994243,0.029027638865708517,2021-03-31,0.008690442048725912,0.008970351208258879,0.010910889941906617,0.013741792274792112,0.04231347547368351,0.07255130475714813,0.4167785732411026
308,0.008675868141667674,0.013889701263608249,0.02232003642822873,0.02972422499865903,2021-04-01,0.008579728217945776,0.009244260292255413,0.01118912931116778,0.013802309727443795,0.04281542754881276,0.07460983083216369,0.42614227815196465
309,0.008562833395229903,0.014657529489586967,0.02316995165089966,0.03036166290035562,2021-04-02,0.00858073881185395,0.00964246957358157,0.011477780003830271,0.013845921277315565,0.043546909666581354,0.07675197743607215,0.4326281729633322
310,0.008474528200386272,0.015608967796960313,0.024049737974023995,0.030951237603243482,2021-04-03,0.00853595288361457,0.010150703820859886,0.011715857792578395,0.01387761065712598,0.044280125154178826,0.07908447157461407,0.44009077543874436
311,0.00850857806050398,0.01669875121547294,0.024982490544124304,0.03150463663056107,2021-04-04,0.008743210160919668,0.01090235903192258,0.012072364228403371,0.013970585345570354,0.04568851876681597,0.08169445645066228,0.4407390568243926
312,0.008842014760674193,0.017859089200426895,0.025990112518361155,0.03202750532823959,2021-04-05,0.008916591876629318,0.011522240189054464,0.01242769827968007,0.014077899271844045,0.0469444296172079,0.08471872180770185,0.44587892008375246
313,0.009466412158059,0.019039755932601803,0.027012614923616573,0.032526997077474674,2021-04-06,0.009172703062448778,0.012098522914579368,0.012763756617339788,0.014188333631792427,0.04822331622616036,0.08804578009175204,0.45229270300169866
314,0.01033263757066555,0.02014250820451294,0.02799668269773265,0.032937178225556585,2021-04-07,0.009288510637294167,0.012011500152566376,0.012541551442490712,0.014086451587366244,0.0479280138197175,0.09140900669846773,0.47567514897281005
315,0.011248195737581484,0.02113578729944007,0.028835305098051073,0.03325896812859668,2021-04-08,0.009804145046784965,0.012521306276821128,0.01287827746099188,0.014198764012775,0.04940249279737297,0.09447825626366932,0.4771019835558691
316,0.012169752941186218,0.02200719180285666,0.02951127291493912,0.03349169108155676,2021-04-09,0.01047541359114257,0.013048368182345815,0.013211302613469074,0.014264617627972502,0.05099970201492996,0.09717990874053875,0.47520323206832404
317,0.013042989336525743,0.02275832536388238,0.030034580140002647,0.03364851505686479,2021-04-10,0.011163163551109814,0.013515645888306765,0.013471564168387514,0.014355282255204624,0.05250565586300872,0.09948440989727556,0.47222227163809494
318,0.013837206015091278,0.023414598064858388,0.030429234429660605,0.03373960817711964,2021-04-11,0.011886234202283269,0.014061710934650544,0.013758715347598375,0.014385940493466334,0.05409260097799852,0.10142064668672991,0.4666509951856173
319,0.014457684079101722,0.023961527191609662,0.030716030129383235,0.033771957374055785,2021-04-12,0.012622054639453036,0.014665357480629231,0.014030376817168937,0.014401469139505144,0.055719258076756345,0.10290719877415042,0.45854849086852567
320,0.014890398105352731,0.024389967693244027,0.030935544563736064,0.03373433840300601,2021-04-13,0.013029322184586516,0.01504316776021776,0.014182580383546153,0.014440627491231046,0.056695697819581475,0.10395024876533884,0.4545881468011832
321,0.01516540847153065,0.024739447471150408,0.031115201255424278,0.03365917468876103,2021-04-14,0.013958050273288268,0.015859353240353237,0.01447777309045931,0.014453473198025204,0.05874864980212602,0.10467923188686637,0.43877454254135634
322,0.01536063035748057,0.02502416005619752,0.03127227928992108,0.03355933304846875,2021-04-15,0.014572343275402796,0.016454388283592646,0.014705901494574144,0.014658408808522034,0.06039104186209162,0.10521640275206792,0.426030159913401
323,0.015510600934344546,0.02525612314045768,0.031419177718380556,0.033459453717933164,2021-04-16,0.014662742714502172,0.016580707253336886,0.014680453130398612,0.014854183397062456,0.06077808649530013,0.10564535551111595,0.4246970328108263
324,0.01566679062582315,0.025454485513584958,0.03156301929690515,0.033372301486780796,2021-04-17,0.015216622525702243,0.01703967467032499,0.014906750055375296,0.01514231046585802,0.06230535771726055,0.10605659692309405,0.41252727765307523
325,0.01586269953561581,0.02564761676123793,0.03170881916830365,0.03331061471404869,2021-04-18,0.01584739252941147,0.01750045898431023,0.015099367098874213,0.015420899548236512,0.06386811816083243,0.10652975017920607,0.4004668362275097
326,0.016097718352713977,0.025844021838492076,0.03184479858837414,0.033242935043859334,2021-04-19,0.01640063244340152,0.017845392526477242,0.01527393540746441,0.015802685740963773,0.06532264611830695,0.10702947382343952,0.3896760977628833
327,0.01630776925528316,0.026030057812340017,0.03194247681978269,0.03318960539978339,2021-04-20,0.016974318284493275,0.018169393177411276,0.015472012217776391,0.016246307917183685,0.06686203159686463,0.10746990928718925,0.3778534657716065
328,0.01650797556036566,0.026204552825889002,0.032019986806399274,0.0331420505325172,2021-04-21,0.01813951932403875,0.018708805633964515,0.015814383193898256,0.01682408248681404,0.06948679063871556,0.10787456572517115,0.35585566280985076
329,0.016659105492859396,0.02635169411740258,0.03207299482269888,0.03311243629988053,2021-04-22,0.01886394978354623,0.018938322909479006,0.015971119118644798,0.01741557315797506,0.07118896496964508,0.10819623073284139,0.34203840108418204
330,0.016746951519865206,0.026489065237669224,0.032108582868827236,0.03310062987085503,2021-04-23,0.0195720413225726,0.0191286492495041,0.016147804894492166,0.018152058061045494,0.07300055352761436,0.1084452294972167,0.3268440311660924
331,0.01680354727798922,0.026636879897251838,0.03213725428294275,0.0331007747340688,2021-04-24,0.02021472611181971,0.01928183200922373,0.016330624902187705,0.01896270178243103,0.07478988480566218,0.10867845619225261,0.3118241882884444
332,0.016867476767041284,0.02680798552867822,0.03218589296263657,0.033126307777062936,2021-04-25,0.02088602514500179,0.019427508313441585,0.016494698884059147,0.019764828795823468,0.07657306113832599,0.10898766303541901,0.29741533118807095
333,0.01694900024989043,0.027009941991038438,0.03224268180242697,0.03318237919172758,2021-04-26,0.02141243598663694,0.01950564664659195,0.01676576357914867,0.02070550417779232,0.07838935039016988,0.10938400323508343,0.28335635859204356
334,0.01707469482236769,0.02723346587348565,0.032298250808197884,0.03325927350762401,2021-04-27,0.021943992284968367,0.019696533860307806,0.01714515793438272,0.021655879427886875,0.08044156350754578,0.10986568501167523,0.26781903285819053
335,0.01724759994197358,0.02745986663874005,0.03232493816292558,0.03337262029604245,2021-04-28,0.0216661720560039,0.019255826658033815,0.017663104171173748,0.02277731380260456,0.08136241668781602,0.11040502503968166,0.26305513124449886
336,0.017445335539769406,0.027626570936045088,0.03230183710568192,0.03346379295499137,2021-04-29,0.021847627386744693,0.019286120939052926,0.01810500281427354,0.023660089978815507,0.08289884111888667,0.11083753653648779,0.25206889552623435
337,0.017641071781886314,0.027695280626297388,0.03220451972670932,0.03351761858707601,2021-04-30,0.0218848635779533,0.01933275675092472,0.01861387183794619,0.024440633657490562,0.08427212582431477,0.11105849072196904,0.24119150839815545
338,0.01781628889859998,0.027656041443397214,0.032028445524388306,0.03355643505630292,2021-05-01,0.022050548266002477,0.01938891356031448,0.019254392114077486,0.02545373133971735,0.0861475852801118,0.11105721092268842,0.22429543687998124
339,0.01795431614671758,0.027508276370631378,0.03176001921874781,0.03356600974282172,2021-05-02,0.022187330376992276,0.01944219496973502,0.01998916401595934,0.026515757733414448,0.08813444709610109,0.11078862147891849,0.20448105663204927
340,0.018058806279595448,0.027244102339517868,0.03139279786085448,0.033529536940187114,2021-05-03,0.022327792054264935,0.019435398682360952,0.020675264651694798,0.02751061932309205,0.08994907471141274,0.11022524342015491,0.18395213364559135
341,0.01808317445522143,0.026856144209883973,0.03092241462187642,0.033481863979273996,2021-05-04,0.022480352325603813,0.019425534107391028,0.021276442069964808,0.028424772922745915,0.09160710142570555,0.10934359726625582,0.1622088195741469
342,0.01798100040459497,0.026344381031627333,0.03039070575357665,0.0334324093859561,2021-05-05,0.022609443266065392,0.01944221216336394,0.02176647188616947,0.029236794572142413,0.09305492188774121,0.10814849657575505,0.13956342589969528
343,0.017718235876083007,0.025792680392836945,0.02984994817514918,0.03346382422462308,2021-05-06,0.022677755116319035,0.0195353662788761,0.022240897936152932,0.030039608986147163,0.09449362831749522,0.10682468866869221,0.1154326823216002
344,0.017360176290724345,0.025257743843527112,0.029397317510026878,0.033604384950320226,2021-05-07,0.02270525931928825,0.019671176678605712,0.022641802502553147,0.03081100689018939,0.0958292453906365,0.10561962259459856,0.09269468081268019
345,0.016923453160830684,0.024768729175748995,0.02907369833091963,0.03385533057495276,2021-05-08,0.02248722651559954,0.019742489190408538,0.023257171377924716,0.031913341089694826,0.09740022817362762,0.10462121124245208,0.06902025873214519
346,0.016475396038571552,0.024364519098745666,0.028894653466318983,0.03422475633882001,2021-05-09,0.022227902112755552,0.01985628354130343,0.0239463646231073,0.03314754099101747,0.09917809126818375,0.1039593249424562,0.04599138823687988
347,0.016030615885041764,0.02405090858687071,0.02883028598614553,0.034694663743094885,2021-05-10,0.02190681226395119,0.019909161183009904,0.024570381694830976,0.03436767074741843,0.10075402588921051,0.10360647420115288,0.027531564353829037
348,0.015681325033002815,0.023844267013063112,0.028854158685133545,0.035196136455627525,2021-05-11,0.02158520003215029,0.019904105511315627,0.025178805920296025,0.035592165755078634,0.10226027721884058,0.103575887186827,0.012701894270172803
349,0.015473855986194473,0.023727503188132232,0.028930715155545773,0.035679268647659815,2021-05-12,0.021470572383543437,0.01993648060538462,0.02572411419180155,0.03675811195686751,0.10388927913759712,0.10381134297753229,-0.000750748018756397
350,0.015393741510122492,0.023646863685174713,0.029027906941318304,0.03610184959964258,2021-05-13,0.021291578670421866,0.019951907228013547,0.02633326490670023,0.03783988271056878,0.10541663351570443,0.10417036173625809,-0.011963784695321491
351,0.015385638250550225,0.02358956333836074,0.029140135371998298,0.03644802876136364,2021-05-14,0.02137863527079633,0.01995160429010382,0.026783481568311153,0.03879716814444195,0.10691088927365325,0.1045633657222729,-0.022450726745115716
352,0.015403068151693275,0.023544979368909265,0.029248473859952995,0.03670179454945598,2021-05-15,0.02117023752269257,0.020039369472519285,0.027605052292740195,0.04002665875356471,0.10884131804151675,0.10489831593001152,-0.03758880279961806
353,0.015401783375444806,0.023482865470634072,0.02934207011384921,0.03684339381446843,2021-05-16,0.020950262188759197,0.020150837288249335,0.028442334683647937,0.04116038466814057,0.11070381882879704,0.10507011277439651,-0.053618540093290444
354,0.015344894942597567,0.023367694959252904,0.029421301421740886,0.03687713419634864,2021-05-17,0.020642202647389543,0.020274021606664822,0.029454165890956816,0.04240928787459465,0.11277967801960583,0.10501102551994,-0.0739793984603138
355,0.015215478443778695,0.023206347574856807,0.029503997115665117,0.03688809456050177,2021-05-18,0.020330014174948105,0.02051895098815137,0.030581649244793545,0.04369360893771267,0.11512422334560571,0.10481391769480239,-0.09836771563891841
356,0.01508442257348707,0.023049498752610673,0.029604494733430096,0.036931047776902745,2021-05-19,0.019926676478254694,0.020750990639942405,0.03169653818306559,0.04503215983760899,0.11740636513887168,0.1046694638364306,-0.1216868878046928
357,0.014953478009115626,0.02291299233545602,0.02969081477370437,0.03701548321608912,2021-05-20,0.019272328489293725,0.021025060051526247,0.03285677454804063,0.04641419961607788,0.11956836270493848,0.10457276833436514,-0.14339865539971003
358,0.014851530142827299,0.022825125698586284,0.029736464114922076,0.037110420471520356,2021-05-21,0.018719435802598015,0.021216410858036466,0.033788605235583274,0.047681999607362135,0.1214064515035799,0.10452354042785601,-0.16152257191648392
359,0.014795649876651742,0.02277973485852228,0.029753903811030515,0.03721020911206009,2021-05-22,0.018186678486670216,0.021424805287848386,0.034661973278130316,0.048901883178214575,0.1231753402308635,0.10453949765826463,-0.1782660428837977
360,0.014754043359910587,0.022768355404499716,0.029725674475938976,0.03732675676960369,2021-05-23,0.017684452203120336,0.02173014098684101,0.03557473169528226,0.05019755694085207,0.12518688182609566,0.10457483000995298,-0.19710337386329888
361,0.014660655304703386,0.02275947422426331,0.02961783036270843,0.037427313114943225,2021-05-24,0.017119101135610396,0.02224044134444391,0.03659469319661555,0.05154903969573473,0.12750327537240458,0.10446527300661836,-0.22053263924679217
362,0.014506249963574875,0.022683565390411217,0.029436903850031452,0.03746674590616834,2021-05-25,0.01665174582584337,0.022746389625504067,0.03749351775624823,0.052801184807851724,0.1296928380154474,0.10409346511018588,-0.24592680124697408
363,0.014277388441370557,0.022500719121097783,0.02920905212537516,0.03742205936797991,2021-05-26,0.016215180077361453,0.023288851981664183,0.038416041359739556,0.05405925746218699,0.13197933088095218,0.1034092190558234,-0.27628205769261033
364,0.014009665513291976,0.022228114167951375,0.029012924666001624,0.03731493845764217,2021-05-27,0.015954858106310196,0.023788959532430452,0.039305594590862934,0.055353877975465315,0.1344032902050689,0.10256564280488714,-0.31041240058083774
365,0.013768262004993353,0.021941418836257044,0.028881236615927487,0.03721588725481269,2021-05-28,0.01566249480704159,0.02481942301928179,0.04086330485286469,0.05711857280119887,0.13846379548038693,0.10180680471199056,-0.3600642498514541
