,cantonId,case_inz_entries_7dayAverage_last_2,pred_week_case_inz_entries_7dayAverage_0,pred_week_case_inz_entries_7dayAverage_1,output_case_inz_entries_7dayAverage_0,output_case_inz_entries_7dayAverage_1,iteration
0,AG,44.74,40.70592,41.175488,53.36571428571428,59.96857142857144,0
1,AI,25.685714285714287,38.232883,38.73513,40.745714285714286,34.542857142857144,0
2,AR,47.665714285714294,44.866375,45.27739,52.04571428571428,49.46857142857144,0
3,BE,37.64142857142857,38.0401,38.5455,46.08,48.51285714285714,0
4,BL,46.63571428571429,41.3411,41.800602,55.86571428571429,51.27428571428571,0
5,BS,47.34,39.177254,39.666405,50.84285714285714,51.862857142857145,0
6,FR,34.050000000000004,39.518883,40.005424,30.587142857142855,29.07857142857143,0
7,GE,36.44285714285714,35.83527,36.374344,30.40571428571429,30.29285714285714,0
8,GL,29.211428571428577,41.846527,42.29821,57.71857142857142,58.424285714285716,0
9,GR,43.93,42.59277,43.03514,49.6,55.55714285714286,0
10,JU,31.645714285714284,34.450626,35.00711,26.017142857142854,40.57714285714286,0
11,LU,36.68857142857143,41.15445,41.61736,46.19714285714286,58.89142857142856,0
12,NE,45.40857142857143,35.165104,35.709705,36.42285714285714,32.61714285714286,0
13,NW,23.211428571428577,35.72894,36.264942,40.44857142857143,45.091428571428565,0
14,OW,27.87,34.70081,35.250633,30.50714285714286,25.987142857142853,0
15,SG,62.207142857142856,46.9392,47.321926,70.29,71.15714285714286,0
16,SH,50.48285714285714,43.49522,43.924263,50.48285714285714,52.56571428571429,0
17,SO,45.1,44.764507,45.176304,59.22000000000001,59.63571428571429,0
18,SZ,38.722857142857144,43.39873,43.830536,47.44714285714286,62.58285714285715,0
19,TG,45.33,43.55223,43.981197,61.222857142857144,64.13571428571429,0
20,TI,66.20857142857143,49.07552,49.42699,65.47428571428573,72.83285714285714,0
21,UR,34.64,34.43677,34.99042,34.64,40.86857142857143,0
22,VD,38.878571428571426,38.6395,39.13783,37.51142857142858,30.98142857142857,0
23,VS,35.47428571428572,39.55882,40.043625,32.70285714285714,29.397142857142853,0
24,ZG,38.05142857142857,39.48213,39.9673,36.03857142857142,41.184285714285714,0
25,ZH,44.4,42.981266,43.419495,53.30714285714286,54.89571428571429,0
26,AG,44.74,38.724827,39.527294,53.36571428571428,59.96857142857144,1
27,AI,25.685714285714287,36.087532,36.90572,40.745714285714286,34.542857142857144,1
28,AR,47.665714285714294,42.12411,42.90761,52.04571428571428,49.46857142857144,1
29,BE,37.64142857142857,36.806973,37.620792,46.08,48.51285714285714,1
30,BL,46.63571428571429,38.395157,39.199467,55.86571428571429,51.27428571428571,1
31,BS,47.34,36.66785,37.48054,50.84285714285714,51.862857142857145,1
32,FR,34.050000000000004,36.209568,37.027073,30.587142857142855,29.07857142857143,1
33,GE,36.44285714285714,36.116703,36.935,30.40571428571429,30.29285714285714,1
34,GL,29.211428571428577,38.667362,39.46963,57.71857142857142,58.424285714285716,1
35,GR,43.93,38.16463,38.969204,49.6,55.55714285714286,1
36,JU,31.645714285714284,32.517776,33.35959,26.017142857142854,40.57714285714286,1
37,LU,36.68857142857143,38.905994,39.707623,46.19714285714286,58.89142857142856,1
38,NE,45.40857142857143,34.26492,35.095505,36.42285714285714,32.61714285714286,1
39,NW,23.211428571428577,33.726986,34.560226,40.44857142857143,45.091428571428565,1
40,OW,27.87,33.543793,34.379063,30.50714285714286,25.987142857142853,1
41,SG,62.207142857142856,44.095364,44.867847,70.29,71.15714285714286,1
42,SH,50.48285714285714,40.39835,41.19137,50.48285714285714,52.56571428571429,1
43,SO,45.1,41.37699,42.1645,59.22000000000001,59.63571428571429,1
44,SZ,38.722857142857144,40.628975,41.41997,47.44714285714286,62.58285714285715,1
45,TG,45.33,41.268337,42.055744,61.222857142857144,64.13571428571429,1
46,TI,66.20857142857143,42.678482,43.458996,65.47428571428573,72.83285714285714,1
47,UR,34.64,33.233143,34.070408,34.64,40.86857142857143,1
48,VD,38.878571428571426,36.705845,37.52004,37.51142857142858,30.98142857142857,1
49,VS,35.47428571428572,36.64523,37.461487,32.70285714285714,29.397142857142853,1
50,ZG,38.05142857142857,38.312447,39.11703,36.03857142857142,41.184285714285714,1
51,ZH,44.4,41.021908,41.812862,53.30714285714286,54.89571428571429,1
52,AG,44.74,41.42358,42.159138,53.36571428571428,59.96857142857144,2
53,AI,25.685714285714287,38.161793,38.938915,40.745714285714286,34.542857142857144,2
54,AR,47.665714285714294,44.504105,45.19547,52.04571428571428,49.46857142857144,2
55,BE,37.64142857142857,39.40283,40.163696,46.08,48.51285714285714,2
56,BL,46.63571428571429,40.92716,41.666832,55.86571428571429,51.27428571428571,2
57,BS,47.34,40.260784,41.010326,50.84285714285714,51.862857142857145,2
58,FR,34.050000000000004,39.526093,40.285877,30.587142857142855,29.07857142857143,2
59,GE,36.44285714285714,39.311886,40.073536,30.40571428571429,30.29285714285714,2
60,GL,29.211428571428577,40.898914,41.64091,57.71857142857142,58.424285714285716,2
61,GR,43.93,41.544422,42.276367,49.6,55.55714285714286,2
62,JU,31.645714285714284,36.91406,37.706665,26.017142857142854,40.57714285714286,2
63,LU,36.68857142857143,40.528095,41.274006,46.19714285714286,58.89142857142856,2
64,NE,45.40857142857143,38.373596,39.147423,36.42285714285714,32.61714285714286,2
65,NW,23.211428571428577,36.600506,37.39854,40.44857142857143,45.091428571428565,2
66,OW,27.87,36.79185,37.58646,30.50714285714286,25.987142857142853,2
67,SG,62.207142857142856,46.637783,47.300926,70.29,71.15714285714286,2
68,SH,50.48285714285714,42.532154,43.24828,50.48285714285714,52.56571428571429,2
69,SO,45.1,44.003902,44.702335,59.22000000000001,59.63571428571429,2
70,SZ,38.722857142857144,42.834908,43.548267,47.44714285714286,62.58285714285715,2
71,TG,45.33,43.093525,43.80413,61.222857142857144,64.13571428571429,2
72,TI,66.20857142857143,48.568054,49.201855,65.47428571428573,72.83285714285714,2
73,UR,34.64,36.782547,37.57674,34.64,40.86857142857143,2
74,VD,38.878571428571426,40.571407,41.31743,37.51142857142858,30.98142857142857,2
75,VS,35.47428571428572,39.399883,40.16039,32.70285714285714,29.397142857142853,2
76,ZG,38.05142857142857,39.791615,40.548595,36.03857142857142,41.184285714285714,2
77,ZH,44.4,43.124756,43.83466,53.30714285714286,54.89571428571429,2
78,AG,44.74,42.916134,43.78368,53.36571428571428,59.96857142857144,3
79,AI,25.685714285714287,38.795727,39.70197,40.745714285714286,34.542857142857144,3
80,AR,47.665714285714294,46.027084,46.85541,52.04571428571428,49.46857142857144,3
81,BE,37.64142857142857,40.44377,41.33719,46.08,48.51285714285714,3
82,BL,46.63571428571429,41.899746,42.77794,55.86571428571429,51.27428571428571,3
83,BS,47.34,40.06035,40.957882,50.84285714285714,51.862857142857145,3
84,FR,34.050000000000004,39.515537,40.41007,30.587142857142855,29.07857142857143,3
85,GE,36.44285714285714,38.680325,39.591206,30.40571428571429,30.29285714285714,3
86,GL,29.211428571428577,42.400196,43.27129,57.71857142857142,58.424285714285716,3
87,GR,43.93,41.21863,42.10107,49.6,55.55714285714286,3
88,JU,31.645714285714284,34.667038,35.624435,26.017142857142854,40.57714285714286,3
89,LU,36.68857142857143,41.662243,42.543617,46.19714285714286,58.89142857142856,3
90,NE,45.40857142857143,36.33389,37.268833,36.42285714285714,32.61714285714286,3
91,NW,23.211428571428577,36.19177,37.13511,40.44857142857143,45.091428571428565,3
92,OW,27.87,35.100407,36.054317,30.50714285714286,25.987142857142853,3
93,SG,62.207142857142856,48.089775,48.897015,70.29,71.15714285714286,3
94,SH,50.48285714285714,44.3202,45.169662,50.48285714285714,52.56571428571429,3
95,SO,45.1,45.240086,46.078915,59.22000000000001,59.63571428571429,3
96,SZ,38.722857142857144,44.60617,45.454357,47.44714285714286,62.58285714285715,3
97,TG,45.33,44.770313,45.61471,61.222857142857144,64.13571428571429,3
98,TI,66.20857142857143,48.759716,49.550453,65.47428571428573,72.83285714285714,3
99,UR,34.64,34.200356,35.16644,34.64,40.86857142857143,3
100,VD,38.878571428571426,39.557644,40.458866,37.51142857142858,30.98142857142857,3
101,VS,35.47428571428572,38.80949,39.70853,32.70285714285714,29.397142857142853,3
102,ZG,38.05142857142857,41.276657,42.163773,36.03857142857142,41.184285714285714,3
103,ZH,44.4,46.165405,46.99531,53.30714285714286,54.89571428571429,3
104,AG,44.74,40.560234,41.45143,53.36571428571428,59.96857142857144,4
105,AI,25.685714285714287,37.702076,38.629097,40.745714285714286,34.542857142857144,4
106,AR,47.665714285714294,42.620457,43.473892,52.04571428571428,49.46857142857144,4
107,BE,37.64142857142857,39.640724,40.548157,46.08,48.51285714285714,4
108,BL,46.63571428571429,40.57018,41.462852,55.86571428571429,51.27428571428571,4
109,BS,47.34,40.339916,41.236626,50.84285714285714,51.862857142857145,4
110,FR,34.050000000000004,38.907776,39.822926,30.587142857142855,29.07857142857143,4
111,GE,36.44285714285714,40.067184,40.971626,30.40571428571429,30.29285714285714,4
112,GL,29.211428571428577,40.512005,41.40724,57.71857142857142,58.424285714285716,4
113,GR,43.93,41.204235,42.09597,49.6,55.55714285714286,4
114,JU,31.645714285714284,37.09355,38.027992,26.017142857142854,40.57714285714286,4
115,LU,36.68857142857143,40.177097,41.078556,46.19714285714286,58.89142857142856,4
116,NE,45.40857142857143,38.43704,39.35614,36.42285714285714,32.61714285714286,4
117,NW,23.211428571428577,38.012474,38.9411,40.44857142857143,45.091428571428565,4
118,OW,27.87,37.57355,38.50285,30.50714285714286,25.987142857142853,4
119,SG,62.207142857142856,44.869762,45.69244,70.29,71.15714285714286,4
120,SH,50.48285714285714,42.137012,43.006836,50.48285714285714,52.56571428571429,4
121,SO,45.1,41.982506,42.847797,59.22000000000001,59.63571428571429,4
122,SZ,38.722857142857144,42.637665,43.505306,47.44714285714286,62.58285714285715,4
123,TG,45.33,41.62828,42.500893,61.222857142857144,64.13571428571429,4
124,TI,66.20857142857143,46.55643,47.3562,65.47428571428573,72.83285714285714,4
125,UR,34.64,37.333065,38.264412,34.64,40.86857142857143,4
126,VD,38.878571428571426,39.852818,40.75745,37.51142857142858,30.98142857142857,4
127,VS,35.47428571428572,38.07387,38.998634,32.70285714285714,29.397142857142853,4
128,ZG,38.05142857142857,39.92202,40.82839,36.03857142857142,41.184285714285714,4
129,ZH,44.4,42.32635,43.19453,53.30714285714286,54.89571428571429,4
130,AG,44.74,40.838303,41.812717,53.36571428571428,59.96857142857144,5
131,AI,25.685714285714287,37.94553,38.950943,40.745714285714286,34.542857142857144,5
132,AR,47.665714285714294,43.354797,44.293335,52.04571428571428,49.46857142857144,5
133,BE,37.64142857142857,38.74235,39.74401,46.08,48.51285714285714,5
134,BL,46.63571428571429,40.10277,41.085163,55.86571428571429,51.27428571428571,5
135,BS,47.34,38.834198,39.836864,50.84285714285714,51.862857142857145,5
136,FR,34.050000000000004,37.58296,38.59416,30.587142857142855,29.07857142857143,5
137,GE,36.44285714285714,36.48973,37.512028,30.40571428571429,30.29285714285714,5
138,GL,29.211428571428577,40.553234,41.528217,57.71857142857142,58.424285714285716,5
139,GR,43.93,40.03616,41.022686,49.6,55.55714285714286,5
140,JU,31.645714285714284,35.436478,36.443977,26.017142857142854,40.57714285714286,5
141,LU,36.68857142857143,39.537205,40.524025,46.19714285714286,58.89142857142856,5
142,NE,45.40857142857143,36.96972,37.969563,36.42285714285714,32.61714285714286,5
143,NW,23.211428571428577,36.916893,37.91357,40.44857142857143,45.091428571428565,5
144,OW,27.87,36.360287,37.361927,30.50714285714286,25.987142857142853,5
145,SG,62.207142857142856,45.51481,46.429012,70.29,71.15714285714286,5
146,SH,50.48285714285714,42.545296,43.498165,50.48285714285714,52.56571428571429,5
147,SO,45.1,43.00304,43.946926,59.22000000000001,59.63571428571429,5
148,SZ,38.722857142857144,42.056087,43.009514,47.44714285714286,62.58285714285715,5
149,TG,45.33,42.43841,43.389004,61.222857142857144,64.13571428571429,5
150,TI,66.20857142857143,47.40232,48.291378,65.47428571428573,72.83285714285714,5
151,UR,34.64,36.32318,37.317127,34.64,40.86857142857143,5
152,VD,38.878571428571426,37.32582,38.341293,37.51142857142858,30.98142857142857,5
153,VS,35.47428571428572,37.517834,38.53152,32.70285714285714,29.397142857142853,5
154,ZG,38.05142857142857,39.00555,39.99864,36.03857142857142,41.184285714285714,5
155,ZH,44.4,41.988617,42.946796,53.30714285714286,54.89571428571429,5
156,AG,44.74,38.914703,39.89949,53.36571428571428,59.96857142857144,6
157,AI,25.685714285714287,36.626198,37.63237,40.745714285714286,34.542857142857144,6
158,AR,47.665714285714294,40.58072,41.54754,52.04571428571428,49.46857142857144,6
159,BE,37.64142857142857,37.705917,38.695053,46.08,48.51285714285714,6
160,BL,46.63571428571429,38.470734,39.458427,55.86571428571429,51.27428571428571,6
161,BS,47.34,38.04242,39.01705,50.84285714285714,51.862857142857145,6
162,FR,34.050000000000004,37.256485,38.249294,30.587142857142855,29.07857142857143,6
163,GE,36.44285714285714,37.266483,38.26741,30.40571428571429,30.29285714285714,6
164,GL,29.211428571428577,38.95819,39.942383,57.71857142857142,58.424285714285716,6
165,GR,43.93,38.561134,39.546204,49.6,55.55714285714286,6
166,JU,31.645714285714284,36.199776,37.224815,26.017142857142854,40.57714285714286,6
167,LU,36.68857142857143,38.261063,39.249706,46.19714285714286,58.89142857142856,6
168,NE,45.40857142857143,37.156425,38.158897,36.42285714285714,32.61714285714286,6
169,NW,23.211428571428577,36.2248,37.23399,40.44857142857143,45.091428571428565,6
170,OW,27.87,36.574677,37.588425,30.50714285714286,25.987142857142853,6
171,SG,62.207142857142856,42.136696,43.086384,70.29,71.15714285714286,6
172,SH,50.48285714285714,39.838097,40.81134,50.48285714285714,52.56571428571429,6
173,SO,45.1,40.34814,41.317802,59.22000000000001,59.63571428571429,6
174,SZ,38.722857142857144,39.449455,40.426464,47.44714285714286,62.58285714285715,6
175,TG,45.33,40.29342,41.264187,61.222857142857144,64.13571428571429,6
176,TI,66.20857142857143,41.78198,42.754208,65.47428571428573,72.83285714285714,6
177,UR,34.64,36.717674,37.731155,34.64,40.86857142857143,6
178,VD,38.878571428571426,38.038605,39.01789,37.51142857142858,30.98142857142857,6
179,VS,35.47428571428572,36.97647,37.97893,32.70285714285714,29.397142857142853,6
180,ZG,38.05142857142857,38.391556,39.381546,36.03857142857142,41.184285714285714,6
181,ZH,44.4,39.904976,40.875233,53.30714285714286,54.89571428571429,6
182,AG,44.74,39.38281,40.436836,53.36571428571428,59.96857142857144,7
183,AI,25.685714285714287,36.33134,37.4322,40.745714285714286,34.542857142857144,7
184,AR,47.665714285714294,40.719074,41.755413,52.04571428571428,49.46857142857144,7
185,BE,37.64142857142857,37.42033,38.504868,46.08,48.51285714285714,7
186,BL,46.63571428571429,38.491917,39.55971,55.86571428571429,51.27428571428571,7
187,BS,47.34,37.437634,38.523052,50.84285714285714,51.862857142857145,7
188,FR,34.050000000000004,36.582684,37.6796,30.587142857142855,29.07857142857143,7
189,GE,36.44285714285714,35.851475,36.960278,30.40571428571429,30.29285714285714,7
190,GL,29.211428571428577,38.971104,40.03102,57.71857142857142,58.424285714285716,7
191,GR,43.93,38.33888,39.408394,49.6,55.55714285714286,7
192,JU,31.645714285714284,35.279694,36.399036,26.017142857142854,40.57714285714286,7
193,LU,36.68857142857143,38.634056,39.69923,46.19714285714286,58.89142857142856,7
194,NE,45.40857142857143,35.544727,36.658123,36.42285714285714,32.61714285714286,7
195,NW,23.211428571428577,36.115353,37.221554,40.44857142857143,45.091428571428565,7
196,OW,27.87,35.57491,36.688267,30.50714285714286,25.987142857142853,7
197,SG,62.207142857142856,42.837322,43.84675,70.29,71.15714285714286,7
198,SH,50.48285714285714,40.29131,41.334656,50.48285714285714,52.56571428571429,7
199,SO,45.1,40.928486,41.962437,59.22000000000001,59.63571428571429,7
200,SZ,38.722857142857144,40.38155,41.4196,47.44714285714286,62.58285714285715,7
201,TG,45.33,40.596363,41.634426,61.222857142857144,64.13571428571429,7
202,TI,66.20857142857143,43.82433,44.808636,65.47428571428573,72.83285714285714,7
203,UR,34.64,35.384136,36.50112,34.64,40.86857142857143,7
204,VD,38.878571428571426,37.25162,38.33829,37.51142857142858,30.98142857142857,7
205,VS,35.47428571428572,35.90838,37.015842,32.70285714285714,29.397142857142853,7
206,ZG,38.05142857142857,38.52357,39.590702,36.03857142857142,41.184285714285714,7
207,ZH,44.4,40.71401,41.751385,53.30714285714286,54.89571428571429,7
208,AG,44.74,38.526367,39.505642,53.36571428571428,59.96857142857144,8
209,AI,25.685714285714287,36.026432,37.03358,40.745714285714286,34.542857142857144,8
210,AR,47.665714285714294,41.233322,42.189087,52.04571428571428,49.46857142857144,8
211,BE,37.64142857142857,36.69899,37.696903,46.08,48.51285714285714,8
212,BL,46.63571428571429,37.96013,38.945316,55.86571428571429,51.27428571428571,8
213,BS,47.34,36.821995,37.818314,50.84285714285714,51.862857142857145,8
214,FR,34.050000000000004,36.738235,37.734314,30.587142857142855,29.07857142857143,8
215,GE,36.44285714285714,35.800545,36.807205,30.40571428571429,30.29285714285714,8
216,GL,29.211428571428577,38.90056,39.875977,57.71857142857142,58.424285714285716,8
217,GR,43.93,38.14199,39.124493,49.6,55.55714285714286,8
218,JU,31.645714285714284,34.714867,35.7325,26.017142857142854,40.57714285714286,8
219,LU,36.68857142857143,37.825428,38.813004,46.19714285714286,58.89142857142856,8
220,NE,45.40857142857143,35.331394,36.342236,36.42285714285714,32.61714285714286,8
221,NW,23.211428571428577,35.21591,36.231155,40.44857142857143,45.091428571428565,8
222,OW,27.87,34.716278,35.721565,30.50714285714286,25.987142857142853,8
223,SG,62.207142857142856,42.83927,43.771004,70.29,71.15714285714286,8
224,SH,50.48285714285714,39.178795,40.14905,50.48285714285714,52.56571428571429,8
225,SO,45.1,40.214066,41.176796,59.22000000000001,59.63571428571429,8
226,SZ,38.722857142857144,40.08053,41.044872,47.44714285714286,62.58285714285715,8
227,TG,45.33,39.887062,40.85144,61.222857142857144,64.13571428571429,8
228,TI,66.20857142857143,48.160984,49.04061,65.47428571428573,72.83285714285714,8
229,UR,34.64,35.07062,36.049076,34.64,40.86857142857143,8
230,VD,38.878571428571426,36.712074,37.706783,37.51142857142858,30.98142857142857,8
231,VS,35.47428571428572,36.564148,37.566376,32.70285714285714,29.397142857142853,8
232,ZG,38.05142857142857,37.54511,38.534966,36.03857142857142,41.184285714285714,8
233,ZH,44.4,39.814056,40.7801,53.30714285714286,54.89571428571429,8
234,AG,44.74,40.04284,41.140026,53.36571428571428,59.96857142857144,9
235,AI,25.685714285714287,39.276535,40.36894,40.745714285714286,34.542857142857144,9
236,AR,47.665714285714294,41.47199,42.55245,52.04571428571428,49.46857142857144,9
237,BE,37.64142857142857,38.774,39.863453,46.08,48.51285714285714,9
238,BL,46.63571428571429,39.437084,40.54082,55.86571428571429,51.27428571428571,9
239,BS,47.34,38.35619,39.44437,50.84285714285714,51.862857142857145,9
240,FR,34.050000000000004,38.978153,40.088528,30.587142857142855,29.07857142857143,9
241,GE,36.44285714285714,39.19154,40.268616,30.40571428571429,30.29285714285714,9
242,GL,29.211428571428577,40.15527,41.24963,57.71857142857142,58.424285714285716,9
243,GR,43.93,39.550194,40.645336,49.6,55.55714285714286,9
244,JU,31.645714285714284,37.30627,38.372818,26.017142857142854,40.57714285714286,9
245,LU,36.68857142857143,39.684856,40.78799,46.19714285714286,58.89142857142856,9
246,NE,45.40857142857143,38.552773,39.616173,36.42285714285714,32.61714285714286,9
247,NW,23.211428571428577,37.937,38.997334,40.44857142857143,45.091428571428565,9
248,OW,27.87,38.072742,39.13042,30.50714285714286,25.987142857142853,9
249,SG,62.207142857142856,43.35069,44.40946,70.29,71.15714285714286,9
250,SH,50.48285714285714,40.731068,41.82075,50.48285714285714,52.56571428571429,9
251,SO,45.1,41.3374,42.422035,59.22000000000001,59.63571428571429,9
252,SZ,38.722857142857144,40.998257,42.09252,47.44714285714286,62.58285714285715,9
253,TG,45.33,41.22852,42.315662,61.222857142857144,64.13571428571429,9
254,TI,66.20857142857143,44.06145,45.108685,65.47428571428573,72.83285714285714,9
255,UR,34.64,37.728073,38.787243,34.64,40.86857142857143,9
256,VD,38.878571428571426,38.85696,39.96616,37.51142857142858,30.98142857142857,9
257,VS,35.47428571428572,38.664486,39.773846,32.70285714285714,29.397142857142853,9
258,ZG,38.05142857142857,39.469242,40.574383,36.03857142857142,41.184285714285714,9
259,ZH,44.4,40.861813,41.947815,53.30714285714286,54.89571428571429,9
260,AG,44.74,39.156834,40.216984,53.36571428571428,59.96857142857144,10
261,AI,25.685714285714287,37.170574,38.250404,40.745714285714286,34.542857142857144,10
262,AR,47.665714285714294,41.420055,42.462414,52.04571428571428,49.46857142857144,10
263,BE,37.64142857142857,37.309635,38.385643,46.08,48.51285714285714,10
264,BL,46.63571428571429,38.22301,39.291843,55.86571428571429,51.27428571428571,10
265,BS,47.34,38.02315,39.09617,50.84285714285714,51.862857142857145,10
266,FR,34.050000000000004,37.65277,38.728733,30.587142857142855,29.07857142857143,10
267,GE,36.44285714285714,37.183662,38.242374,30.40571428571429,30.29285714285714,10
268,GL,29.211428571428577,38.96648,40.028606,57.71857142857142,58.424285714285716,10
269,GR,43.93,38.058136,39.12876,49.6,55.55714285714286,10
270,JU,31.645714285714284,35.92059,36.96027,26.017142857142854,40.57714285714286,10
271,LU,36.68857142857143,38.28738,39.35529,46.19714285714286,58.89142857142856,10
272,NE,45.40857142857143,36.395306,37.45117,36.42285714285714,32.61714285714286,10
273,NW,23.211428571428577,36.23873,37.29935,40.44857142857143,45.091428571428565,10
274,OW,27.87,36.34524,37.386276,30.50714285714286,25.987142857142853,10
275,SG,62.207142857142856,43.23912,44.267353,70.29,71.15714285714286,10
276,SH,50.48285714285714,39.620117,40.67641,50.48285714285714,52.56571428571429,10
277,SO,45.1,40.773445,41.81995,59.22000000000001,59.63571428571429,10
278,SZ,38.722857142857144,40.045734,41.102467,47.44714285714286,62.58285714285715,10
279,TG,45.33,40.29301,41.3437,61.222857142857144,64.13571428571429,10
280,TI,66.20857142857143,46.25008,47.277035,65.47428571428573,72.83285714285714,10
281,UR,34.64,36.102,37.13476,34.64,40.86857142857143,10
282,VD,38.878571428571426,37.513283,38.590977,37.51142857142858,30.98142857142857,10
283,VS,35.47428571428572,37.237457,38.30817,32.70285714285714,29.397142857142853,10
284,ZG,38.05142857142857,38.0461,39.116154,36.03857142857142,41.184285714285714,10
285,ZH,44.4,40.480938,41.530033,53.30714285714286,54.89571428571429,10
286,AG,44.74,37.537537,38.44214,53.36571428571428,59.96857142857144,11
287,AI,25.685714285714287,35.823807,36.763935,40.745714285714286,34.542857142857144,11
288,AR,47.665714285714294,39.492836,40.348713,52.04571428571428,49.46857142857144,11
289,BE,37.64142857142857,35.793564,36.73788,46.08,48.51285714285714,11
290,BL,46.63571428571429,36.549133,37.48025,55.86571428571429,51.27428571428571,11
291,BS,47.34,36.348633,37.281693,50.84285714285714,51.862857142857145,11
292,FR,34.050000000000004,36.649673,37.555874,30.587142857142855,29.07857142857143,11
293,GE,36.44285714285714,35.189342,36.13789,30.40571428571429,30.29285714285714,11
294,GL,29.211428571428577,36.705666,37.63049,57.71857142857142,58.424285714285716,11
295,GR,43.93,36.51183,37.44173,49.6,55.55714285714286,11
296,JU,31.645714285714284,30.641392,31.580639,26.017142857142854,40.57714285714286,11
297,LU,36.68857142857143,36.622654,37.551353,46.19714285714286,58.89142857142856,11
298,NE,45.40857142857143,35.43326,36.374393,36.42285714285714,32.61714285714286,11
299,NW,23.211428571428577,34.978607,35.937576,40.44857142857143,45.091428571428565,11
300,OW,27.87,35.04724,36.002285,30.50714285714286,25.987142857142853,11
301,SG,62.207142857142856,41.8473,42.674416,70.29,71.15714285714286,11
302,SH,50.48285714285714,37.996895,38.893818,50.48285714285714,52.56571428571429,11
303,SO,45.1,38.839554,39.715855,59.22000000000001,59.63571428571429,11
304,SZ,38.722857142857144,38.31183,39.195538,47.44714285714286,62.58285714285715,11
305,TG,45.33,38.47496,39.35906,61.222857142857144,64.13571428571429,11
306,TI,66.20857142857143,45.49633,46.239964,65.47428571428573,72.83285714285714,11
307,UR,34.64,34.93756,35.893536,34.64,40.86857142857143,11
308,VD,38.878571428571426,36.005463,36.93635,37.51142857142858,30.98142857142857,11
309,VS,35.47428571428572,37.054974,37.94916,32.70285714285714,29.397142857142853,11
310,ZG,38.05142857142857,36.43969,37.370975,36.03857142857142,41.184285714285714,11
311,ZH,44.4,38.194164,39.085125,53.30714285714286,54.89571428571429,11
312,AG,44.74,41.8224,42.995296,53.36571428571428,59.96857142857144,12
313,AI,25.685714285714287,39.731026,40.906116,40.745714285714286,34.542857142857144,12
314,AR,47.665714285714294,43.88375,45.05867,52.04571428571428,49.46857142857144,12
315,BE,37.64142857142857,39.45051,40.622112,46.08,48.51285714285714,12
316,BL,46.63571428571429,41.027184,42.199894,55.86571428571429,51.27428571428571,12
317,BS,47.34,38.956215,40.125668,50.84285714285714,51.862857142857145,12
318,FR,34.050000000000004,39.497276,40.67502,30.587142857142855,29.07857142857143,12
319,GE,36.44285714285714,39.077347,40.25633,30.40571428571429,30.29285714285714,12
320,GL,29.211428571428577,41.662075,42.835182,57.71857142857142,58.424285714285716,12
321,GR,43.93,40.397354,41.568844,49.6,55.55714285714286,12
322,JU,31.645714285714284,37.50412,38.677097,26.017142857142854,40.57714285714286,12
323,LU,36.68857142857143,41.20823,42.38138,46.19714285714286,58.89142857142856,12
324,NE,45.40857142857143,38.03987,39.214573,36.42285714285714,32.61714285714286,12
325,NW,23.211428571428577,38.14908,39.321915,40.44857142857143,45.091428571428565,12
326,OW,27.87,37.78769,38.96059,30.50714285714286,25.987142857142853,12
327,SG,62.207142857142856,45.773148,46.948032,70.29,71.15714285714286,12
328,SH,50.48285714285714,42.016945,43.18948,50.48285714285714,52.56571428571429,12
329,SO,45.1,43.56813,44.742744,59.22000000000001,59.63571428571429,12
330,SZ,38.722857142857144,42.72339,43.896786,47.44714285714286,62.58285714285715,12
331,TG,45.33,43.23299,44.4075,61.222857142857144,64.13571428571429,12
332,TI,66.20857142857143,46.62335,47.795795,65.47428571428573,72.83285714285714,12
333,UR,34.64,37.665848,38.837826,34.64,40.86857142857143,12
334,VD,38.878571428571426,39.80671,40.982388,37.51142857142858,30.98142857142857,12
335,VS,35.47428571428572,39.016373,40.194508,32.70285714285714,29.397142857142853,12
336,ZG,38.05142857142857,40.98799,42.161404,36.03857142857142,41.184285714285714,12
337,ZH,44.4,43.37967,44.555004,53.30714285714286,54.89571428571429,12
338,AG,44.74,39.702267,40.842648,53.36571428571428,59.96857142857144,13
339,AI,25.685714285714287,36.932774,38.1018,40.745714285714286,34.542857142857144,13
340,AR,47.665714285714294,42.060684,43.17315,52.04571428571428,49.46857142857144,13
341,BE,37.64142857142857,36.79928,37.967186,46.08,48.51285714285714,13
342,BL,46.63571428571429,38.17809,39.33128,55.86571428571429,51.27428571428571,13
343,BS,47.34,36.530468,37.68779,50.84285714285714,51.862857142857145,13
344,FR,34.050000000000004,36.99486,38.163643,30.587142857142855,29.07857142857143,13
345,GE,36.44285714285714,35.891026,37.070786,30.40571428571429,30.29285714285714,13
346,GL,29.211428571428577,39.490253,40.63047,57.71857142857142,58.424285714285716,13
347,GR,43.93,37.70495,38.859665,49.6,55.55714285714286,13
348,JU,31.645714285714284,34.68627,35.876026,26.017142857142854,40.57714285714286,13
349,LU,36.68857142857143,38.479996,39.63348,46.19714285714286,58.89142857142856,13
350,NE,45.40857142857143,35.192566,36.371685,36.42285714285714,32.61714285714286,13
351,NW,23.211428571428577,35.1521,36.33587,40.44857142857143,45.091428571428565,13
352,OW,27.87,34.809666,35.99672,30.50714285714286,25.987142857142853,13
353,SG,62.207142857142856,43.86243,44.956776,70.29,71.15714285714286,13
354,SH,50.48285714285714,39.82578,40.95934,50.48285714285714,52.56571428571429,13
355,SO,45.1,41.416332,42.537457,59.22000000000001,59.63571428571429,13
356,SZ,38.722857142857144,40.528835,41.656647,47.44714285714286,62.58285714285715,13
357,TG,45.33,41.02007,42.146187,61.222857142857144,64.13571428571429,13
358,TI,66.20857142857143,45.52995,46.60521,65.47428571428573,72.83285714285714,13
359,UR,34.64,34.470627,35.642944,34.64,40.86857142857143,13
360,VD,38.878571428571426,37.197086,38.365463,37.51142857142858,30.98142857142857,13
361,VS,35.47428571428572,35.928707,37.105778,32.70285714285714,29.397142857142853,13
362,ZG,38.05142857142857,38.156258,39.312824,36.03857142857142,41.184285714285714,13
363,ZH,44.4,40.913387,42.04113,53.30714285714286,54.89571428571429,13
364,AG,44.74,40.21199,41.314156,53.36571428571428,59.96857142857144,14
365,AI,25.685714285714287,38.039967,39.154354,40.745714285714286,34.542857142857144,14
366,AR,47.665714285714294,42.178017,43.28809,52.04571428571428,49.46857142857144,14
367,BE,37.64142857142857,38.220516,39.312916,46.08,48.51285714285714,14
368,BL,46.63571428571429,39.02712,40.12684,55.86571428571429,51.27428571428571,14
369,BS,47.34,38.203342,39.272034,50.84285714285714,51.862857142857145,14
370,FR,34.050000000000004,38.53895,39.650772,30.587142857142855,29.07857142857143,14
371,GE,36.44285714285714,38.4353,39.557022,30.40571428571429,30.29285714285714,14
372,GL,29.211428571428577,39.50658,40.611816,57.71857142857142,58.424285714285716,14
373,GR,43.93,38.672016,39.763546,49.6,55.55714285714286,14
374,JU,31.645714285714284,35.961983,37.021294,26.017142857142854,40.57714285714286,14
375,LU,36.68857142857143,39.624126,40.730896,46.19714285714286,58.89142857142856,14
376,NE,45.40857142857143,37.1718,38.251244,36.42285714285714,32.61714285714286,14
377,NW,23.211428571428577,35.97439,37.031242,40.44857142857143,45.091428571428565,14
378,OW,27.87,36.447216,37.510838,30.50714285714286,25.987142857142853,14
379,SG,62.207142857142856,44.623844,45.72565,70.29,71.15714285714286,14
380,SH,50.48285714285714,40.700657,41.808167,50.48285714285714,52.56571428571429,14
381,SO,45.1,42.039158,43.14962,59.22000000000001,59.63571428571429,14
382,SZ,38.722857142857144,41.175335,42.287457,47.44714285714286,62.58285714285715,14
383,TG,45.33,41.58429,42.695267,61.222857142857144,64.13571428571429,14
384,TI,66.20857142857143,49.28436,50.38218,65.47428571428573,72.83285714285714,14
385,UR,34.64,36.44887,37.497997,34.64,40.86857142857143,14
386,VD,38.878571428571426,38.96274,40.068504,37.51142857142858,30.98142857142857,14
387,VS,35.47428571428572,37.680176,38.793205,32.70285714285714,29.397142857142853,14
388,ZG,38.05142857142857,39.135685,40.244377,36.03857142857142,41.184285714285714,14
389,ZH,44.4,42.270355,43.38021,53.30714285714286,54.89571428571429,14
390,AG,44.74,37.996128,39.15741,53.36571428571428,59.96857142857144,15
391,AI,25.685714285714287,36.52438,37.668964,40.745714285714286,34.542857142857144,15
392,AR,47.665714285714294,39.90918,41.052742,52.04571428571428,49.46857142857144,15
393,BE,37.64142857142857,36.614,37.7659,46.08,48.51285714285714,15
394,BL,46.63571428571429,37.105675,38.27516,55.86571428571429,51.27428571428571,15
395,BS,47.34,37.025272,38.17156,50.84285714285714,51.862857142857145,15
396,FR,34.050000000000004,37.3877,38.501793,30.587142857142855,29.07857142857143,15
397,GE,36.44285714285714,37.374783,38.485733,30.40571428571429,30.29285714285714,15
398,GL,29.211428571428577,37.798122,38.961636,57.71857142857142,58.424285714285716,15
399,GR,43.93,37.269566,38.427643,49.6,55.55714285714286,15
400,JU,31.645714285714284,35.172054,36.345367,26.017142857142854,40.57714285714286,15
401,LU,36.68857142857143,37.4705,38.63442,46.19714285714286,58.89142857142856,15
402,NE,45.40857142857143,36.430237,37.559994,36.42285714285714,32.61714285714286,15
403,NW,23.211428571428577,35.29324,36.441154,40.44857142857143,45.091428571428565,15
404,OW,27.87,35.505375,36.65892,30.50714285714286,25.987142857142853,15
405,SG,62.207142857142856,41.42313,42.55269,70.29,71.15714285714286,15
406,SH,50.48285714285714,38.62737,39.78393,50.48285714285714,52.56571428571429,15
407,SO,45.1,39.34319,40.491856,59.22000000000001,59.63571428571429,15
408,SZ,38.722857142857144,39.094067,40.2327,47.44714285714286,62.58285714285715,15
409,TG,45.33,39.006298,40.1582,61.222857142857144,64.13571428571429,15
410,TI,66.20857142857143,42.500324,43.599087,65.47428571428573,72.83285714285714,15
411,UR,34.64,35.543324,36.69801,34.64,40.86857142857143,15
412,VD,38.878571428571426,37.42729,38.539886,37.51142857142858,30.98142857142857,15
413,VS,35.47428571428572,36.876064,37.992863,32.70285714285714,29.397142857142853,15
414,ZG,38.05142857142857,37.30927,38.472824,36.03857142857142,41.184285714285714,15
415,ZH,44.4,39.233696,40.377403,53.30714285714286,54.89571428571429,15
416,AG,44.74,38.234985,39.3944,53.36571428571428,59.96857142857144,16
417,AI,25.685714285714287,35.737415,36.890324,40.745714285714286,34.542857142857144,16
418,AR,47.665714285714294,39.874035,41.02316,52.04571428571428,49.46857142857144,16
419,BE,37.64142857142857,36.19593,37.36814,46.08,48.51285714285714,16
420,BL,46.63571428571429,37.110126,38.277534,55.86571428571429,51.27428571428571,16
421,BS,47.34,36.452194,37.625298,50.84285714285714,51.862857142857145,16
422,FR,34.050000000000004,35.56722,36.722076,30.587142857142855,29.07857142857143,16
423,GE,36.44285714285714,35.574898,36.743084,30.40571428571429,30.29285714285714,16
424,GL,29.211428571428577,37.680367,38.844303,57.71857142857142,58.424285714285716,16
425,GR,43.93,37.86203,39.02619,49.6,55.55714285714286,16
426,JU,31.645714285714284,31.323494,32.462746,26.017142857142854,40.57714285714286,16
427,LU,36.68857142857143,37.296204,38.462112,46.19714285714286,58.89142857142856,16
428,NE,45.40857142857143,34.27,35.423485,36.42285714285714,32.61714285714286,16
429,NW,23.211428571428577,35.05232,36.207916,40.44857142857143,45.091428571428565,16
430,OW,27.87,32.836952,33.984512,30.50714285714286,25.987142857142853,16
431,SG,62.207142857142856,41.76764,42.9078,70.29,71.15714285714286,16
432,SH,50.48285714285714,38.734627,39.893055,50.48285714285714,52.56571428571429,16
433,SO,45.1,39.294678,40.44617,59.22000000000001,59.63571428571429,16
434,SZ,38.722857142857144,39.09928,40.254936,47.44714285714286,62.58285714285715,16
435,TG,45.33,39.221474,40.375275,61.222857142857144,64.13571428571429,16
436,TI,66.20857142857143,42.865067,44.000484,65.47428571428573,72.83285714285714,16
437,UR,34.64,29.17128,30.296484,34.64,40.86857142857143,16
438,VD,38.878571428571426,35.896667,37.069714,37.51142857142858,30.98142857142857,16
439,VS,35.47428571428572,35.25498,36.40351,32.70285714285714,29.397142857142853,16
440,ZG,38.05142857142857,37.21298,38.37861,36.03857142857142,41.184285714285714,16
441,ZH,44.4,39.643127,40.794876,53.30714285714286,54.89571428571429,16
442,AG,44.74,40.018826,41.135254,53.36571428571428,59.96857142857144,17
443,AI,25.685714285714287,37.507854,38.645184,40.745714285714286,34.542857142857144,17
444,AR,47.665714285714294,42.590637,43.69474,52.04571428571428,49.46857142857144,17
445,BE,37.64142857142857,37.962322,39.093098,46.08,48.51285714285714,17
446,BL,46.63571428571429,39.093414,40.217716,55.86571428571429,51.27428571428571,17
447,BS,47.34,38.45954,39.586037,50.84285714285714,51.862857142857145,17
448,FR,34.050000000000004,37.178852,38.318146,30.587142857142855,29.07857142857143,17
449,GE,36.44285714285714,36.26543,37.408768,30.40571428571429,30.29285714285714,17
450,GL,29.211428571428577,39.61881,40.740532,57.71857142857142,58.424285714285716,17
451,GR,43.93,38.634007,39.75981,49.6,55.55714285714286,17
452,JU,31.645714285714284,35.562954,36.68627,26.017142857142854,40.57714285714286,17
453,LU,36.68857142857143,39.615955,40.737717,46.19714285714286,58.89142857142856,17
454,NE,45.40857142857143,36.406284,37.542023,36.42285714285714,32.61714285714286,17
455,NW,23.211428571428577,36.517147,37.65514,40.44857142857143,45.091428571428565,17
456,OW,27.87,36.0911,37.225605,30.50714285714286,25.987142857142853,17
457,SG,62.207142857142856,44.271694,45.36397,70.29,71.15714285714286,17
458,SH,50.48285714285714,40.918247,42.02937,50.48285714285714,52.56571428571429,17
459,SO,45.1,41.453682,42.56321,59.22000000000001,59.63571428571429,17
460,SZ,38.722857142857144,40.362152,41.47894,47.44714285714286,62.58285714285715,17
461,TG,45.33,40.82397,41.937347,61.222857142857144,64.13571428571429,17
462,TI,66.20857142857143,46.983257,48.060944,65.47428571428573,72.83285714285714,17
463,UR,34.64,36.22914,37.356415,34.64,40.86857142857143,17
464,VD,38.878571428571426,37.41093,38.547195,37.51142857142858,30.98142857142857,17
465,VS,35.47428571428572,37.062183,38.19886,32.70285714285714,29.397142857142853,17
466,ZG,38.05142857142857,39.06562,40.190575,36.03857142857142,41.184285714285714,17
467,ZH,44.4,40.68875,41.80093,53.30714285714286,54.89571428571429,17
468,AG,44.74,39.173153,40.38755,53.36571428571428,59.96857142857144,18
469,AI,25.685714285714287,37.03861,38.267654,40.745714285714286,34.542857142857144,18
470,AR,47.665714285714294,40.262268,41.470284,52.04571428571428,49.46857142857144,18
471,BE,37.64142857142857,37.433884,38.65991,46.08,48.51285714285714,18
472,BL,46.63571428571429,38.47445,39.69497,55.86571428571429,51.27428571428571,18
473,BS,47.34,37.656765,38.884277,50.84285714285714,51.862857142857145,18
474,FR,34.050000000000004,37.443165,38.672585,30.587142857142855,29.07857142857143,18
475,GE,36.44285714285714,37.02358,38.25419,30.40571428571429,30.29285714285714,18
476,GL,29.211428571428577,39.012253,40.228752,57.71857142857142,58.424285714285716,18
477,GR,43.93,38.315533,39.536858,49.6,55.55714285714286,18
478,JU,31.645714285714284,35.88489,37.121246,26.017142857142854,40.57714285714286,18
479,LU,36.68857142857143,38.886684,40.10309,46.19714285714286,58.89142857142856,18
480,NE,45.40857142857143,36.541893,37.775723,36.42285714285714,32.61714285714286,18
481,NW,23.211428571428577,36.41423,37.646706,40.44857142857143,45.091428571428565,18
482,OW,27.87,36.033222,37.267654,30.50714285714286,25.987142857142853,18
483,SG,62.207142857142856,41.87387,43.070923,70.29,71.15714285714286,18
484,SH,50.48285714285714,39.729435,40.941223,50.48285714285714,52.56571428571429,18
485,SO,45.1,40.429447,41.63676,59.22000000000001,59.63571428571429,18
486,SZ,38.722857142857144,39.669537,40.88228,47.44714285714286,62.58285714285715,18
487,TG,45.33,40.148876,41.357292,61.222857142857144,64.13571428571429,18
488,TI,66.20857142857143,42.367123,43.567917,65.47428571428573,72.83285714285714,18
489,UR,34.64,36.036846,37.271744,34.64,40.86857142857143,18
490,VD,38.878571428571426,37.67268,38.900703,37.51142857142858,30.98142857142857,18
491,VS,35.47428571428572,36.785038,38.01673,32.70285714285714,29.397142857142853,18
492,ZG,38.05142857142857,38.723934,39.941696,36.03857142857142,41.184285714285714,18
493,ZH,44.4,40.18709,41.394627,53.30714285714286,54.89571428571429,18
494,AG,44.74,39.7706,40.805443,53.36571428571428,59.96857142857144,19
495,AI,25.685714285714287,37.759888,38.79451,40.745714285714286,34.542857142857144,19
496,AR,47.665714285714294,41.25573,42.29437,52.04571428571428,49.46857142857144,19
497,BE,37.64142857142857,39.33719,40.318348,46.08,48.51285714285714,19
498,BL,46.63571428571429,39.512733,40.5375,55.86571428571429,51.27428571428571,19
499,BS,47.34,40.4075,41.345963,50.84285714285714,51.862857142857145,19
500,FR,34.050000000000004,39.202003,40.17739,30.587142857142855,29.07857142857143,19
501,GE,36.44285714285714,39.119225,40.0823,30.40571428571429,30.29285714285714,19
502,GL,29.211428571428577,39.786545,40.81707,57.71857142857142,58.424285714285716,19
503,GR,43.93,39.84057,40.84668,49.6,55.55714285714286,19
504,JU,31.645714285714284,37.622833,38.610703,26.017142857142854,40.57714285714286,19
505,LU,36.68857142857143,39.568016,40.598953,46.19714285714286,58.89142857142856,19
506,NE,45.40857142857143,39.013374,39.956367,36.42285714285714,32.61714285714286,19
507,NW,23.211428571428577,37.4187,38.416733,40.44857142857143,45.091428571428565,19
508,OW,27.87,37.68215,38.665276,30.50714285714286,25.987142857142853,19
509,SG,62.207142857142856,43.291,44.319405,70.29,71.15714285714286,19
510,SH,50.48285714285714,40.612617,41.63186,50.48285714285714,52.56571428571429,19
511,SO,45.1,41.271942,42.307068,59.22000000000001,59.63571428571429,19
512,SZ,38.722857142857144,40.341675,41.379704,47.44714285714286,62.58285714285715,19
513,TG,45.33,41.05638,42.09627,61.222857142857144,64.13571428571429,19
514,TI,66.20857142857143,44.640053,45.638817,65.47428571428573,72.83285714285714,19
515,UR,34.64,38.04306,39.00877,34.64,40.86857142857143,19
516,VD,38.878571428571426,40.117935,41.07051,37.51142857142858,30.98142857142857,19
517,VS,35.47428571428572,38.63868,39.61769,32.70285714285714,29.397142857142853,19
518,ZG,38.05142857142857,39.41555,40.4553,36.03857142857142,41.184285714285714,19
519,ZH,44.4,41.411858,42.431034,53.30714285714286,54.89571428571429,19
520,AG,44.74,38.458096,39.527706,53.36571428571428,59.96857142857144,20
521,AI,25.685714285714287,36.76122,37.86932,40.745714285714286,34.542857142857144,20
522,AR,47.665714285714294,40.091217,41.147972,52.04571428571428,49.46857142857144,20
523,BE,37.64142857142857,37.025074,38.125294,46.08,48.51285714285714,20
524,BL,46.63571428571429,37.697052,38.773182,55.86571428571429,51.27428571428571,20
525,BS,47.34,37.633743,38.712128,50.84285714285714,51.862857142857145,20
526,FR,34.050000000000004,37.52371,38.615734,30.587142857142855,29.07857142857143,20
527,GE,36.44285714285714,37.765255,38.86246,30.40571428571429,30.29285714285714,20
528,GL,29.211428571428577,38.092937,39.154892,57.71857142857142,58.424285714285716,20
529,GR,43.93,37.69458,38.758244,49.6,55.55714285714286,20
530,JU,31.645714285714284,35.463223,36.63434,26.017142857142854,40.57714285714286,20
531,LU,36.68857142857143,38.007515,39.084763,46.19714285714286,58.89142857142856,20
532,NE,45.40857142857143,37.24168,38.343914,36.42285714285714,32.61714285714286,20
533,NW,23.211428571428577,35.128525,36.30409,40.44857142857143,45.091428571428565,20
534,OW,27.87,35.68242,36.829826,30.50714285714286,25.987142857142853,20
535,SG,62.207142857142856,41.317776,42.390762,70.29,71.15714285714286,20
536,SH,50.48285714285714,39.041256,40.093735,50.48285714285714,52.56571428571429,20
537,SO,45.1,39.842396,40.915565,59.22000000000001,59.63571428571429,20
538,SZ,38.722857142857144,38.654034,39.695126,47.44714285714286,62.58285714285715,20
539,TG,45.33,39.342087,40.420513,61.222857142857144,64.13571428571429,20
540,TI,66.20857142857143,43.929195,44.929996,65.47428571428573,72.83285714285714,20
541,UR,34.64,35.646408,36.794178,34.64,40.86857142857143,20
542,VD,38.878571428571426,37.953583,39.024647,37.51142857142858,30.98142857142857,20
543,VS,35.47428571428572,37.132317,38.234333,32.70285714285714,29.397142857142853,20
544,ZG,38.05142857142857,37.457924,38.54743,36.03857142857142,41.184285714285714,20
545,ZH,44.4,39.937176,40.988514,53.30714285714286,54.89571428571429,20
546,AG,44.74,37.883183,38.99787,53.36571428571428,59.96857142857144,21
547,AI,25.685714285714287,37.295727,38.383476,40.745714285714286,34.542857142857144,21
548,AR,47.665714285714294,38.822166,39.932446,52.04571428571428,49.46857142857144,21
549,BE,37.64142857142857,36.72329,37.821392,46.08,48.51285714285714,21
550,BL,46.63571428571429,37.08642,38.205082,55.86571428571429,51.27428571428571,21
551,BS,47.34,36.691776,37.785534,50.84285714285714,51.862857142857145,21
552,FR,34.050000000000004,36.953636,38.013668,30.587142857142855,29.07857142857143,21
553,GE,36.44285714285714,36.690453,37.751083,30.40571428571429,30.29285714285714,21
554,GL,29.211428571428577,37.836468,38.952656,57.71857142857142,58.424285714285716,21
555,GR,43.93,37.13587,38.25349,49.6,55.55714285714286,21
556,JU,31.645714285714284,35.00188,36.06635,26.017142857142854,40.57714285714286,21
557,LU,36.68857142857143,37.51253,38.629093,46.19714285714286,58.89142857142856,21
558,NE,45.40857142857143,36.580254,37.6393,36.42285714285714,32.61714285714286,21
559,NW,23.211428571428577,36.418274,37.48314,40.44857142857143,45.091428571428565,21
560,OW,27.87,36.715866,37.777443,30.50714285714286,25.987142857142853,21
561,SG,62.207142857142856,40.168346,41.27333,70.29,71.15714285714286,21
562,SH,50.48285714285714,38.264706,39.377327,50.48285714285714,52.56571428571429,21
563,SO,45.1,38.80532,39.916206,59.22000000000001,59.63571428571429,21
564,SZ,38.722857142857144,38.261982,39.376247,47.44714285714286,62.58285714285715,21
565,TG,45.33,38.50961,39.621296,61.222857142857144,64.13571428571429,21
566,TI,66.20857142857143,40.856346,41.962383,65.47428571428573,72.83285714285714,21
567,UR,34.64,36.658966,37.722866,34.64,40.86857142857143,21
568,VD,38.878571428571426,37.03738,38.106617,37.51142857142858,30.98142857142857,21
569,VS,35.47428571428572,36.94201,37.991558,32.70285714285714,29.397142857142853,21
570,ZG,38.05142857142857,37.23786,38.355717,36.03857142857142,41.184285714285714,21
571,ZH,44.4,38.37184,39.484745,53.30714285714286,54.89571428571429,21
572,AG,44.74,37.78612,38.97163,53.36571428571428,59.96857142857144,22
573,AI,25.685714285714287,35.43687,36.656017,40.745714285714286,34.542857142857144,22
574,AR,47.665714285714294,39.410927,40.58098,52.04571428571428,49.46857142857144,22
575,BE,37.64142857142857,36.047493,37.237335,46.08,48.51285714285714,22
576,BL,46.63571428571429,36.77276,37.97231,55.86571428571429,51.27428571428571,22
577,BS,47.34,37.758102,38.86844,50.84285714285714,51.862857142857145,22
578,FR,34.050000000000004,33.86935,35.05653,30.587142857142855,29.07857142857143,22
579,GE,36.44285714285714,30.339308,31.498518,30.40571428571429,30.29285714285714,22
580,GL,29.211428571428577,37.37071,38.562576,57.71857142857142,58.424285714285716,22
581,GR,43.93,36.963264,38.140686,49.6,55.55714285714286,22
582,JU,31.645714285714284,21.647871,22.793728,26.017142857142854,40.57714285714286,22
583,LU,36.68857142857143,37.018913,38.216408,46.19714285714286,58.89142857142856,22
584,NE,45.40857142857143,32.667812,33.8292,36.42285714285714,32.61714285714286,22
585,NW,23.211428571428577,36.030018,37.190594,40.44857142857143,45.091428571428565,22
586,OW,27.87,32.252132,33.413277,30.50714285714286,25.987142857142853,22
587,SG,62.207142857142856,41.900047,43.049072,70.29,71.15714285714286,22
588,SH,50.48285714285714,37.91671,39.100624,50.48285714285714,52.56571428571429,22
589,SO,45.1,38.812798,39.98549,59.22000000000001,59.63571428571429,22
590,SZ,38.722857142857144,37.86079,39.0456,47.44714285714286,62.58285714285715,22
591,TG,45.33,38.611557,39.78587,61.222857142857144,64.13571428571429,22
592,TI,66.20857142857143,45.426918,46.54203,65.47428571428573,72.83285714285714,22
593,UR,34.64,33.840946,35.004013,34.64,40.86857142857143,22
594,VD,38.878571428571426,36.083687,37.267254,37.51142857142858,30.98142857142857,22
595,VS,35.47428571428572,32.2434,33.424713,32.70285714285714,29.397142857142853,22
596,ZG,38.05142857142857,36.900097,38.09872,36.03857142857142,41.184285714285714,22
597,ZH,44.4,38.18159,39.362213,53.30714285714286,54.89571428571429,22
598,AG,44.74,39.222637,40.23777,53.36571428571428,59.96857142857144,23
599,AI,25.685714285714287,36.42447,37.469017,40.745714285714286,34.542857142857144,23
600,AR,47.665714285714294,40.71785,41.72209,52.04571428571428,49.46857142857144,23
601,BE,37.64142857142857,37.184986,38.186047,46.08,48.51285714285714,23
602,BL,46.63571428571429,37.971355,38.9738,55.86571428571429,51.27428571428571,23
603,BS,47.34,37.745995,38.69027,50.84285714285714,51.862857142857145,23
604,FR,34.050000000000004,36.757572,37.77665,30.587142857142855,29.07857142857143,23
605,GE,36.44285714285714,36.623646,37.628227,30.40571428571429,30.29285714285714,23
606,GL,29.211428571428577,38.67301,39.681362,57.71857142857142,58.424285714285716,23
607,GR,43.93,38.274014,39.27171,49.6,55.55714285714286,23
608,JU,31.645714285714284,34.856876,35.85767,26.017142857142854,40.57714285714286,23
609,LU,36.68857142857143,38.41108,39.43912,46.19714285714286,58.89142857142856,23
610,NE,45.40857142857143,36.616493,37.594925,36.42285714285714,32.61714285714286,23
611,NW,23.211428571428577,35.799046,36.798347,40.44857142857143,45.091428571428565,23
612,OW,27.87,36.073105,37.06596,30.50714285714286,25.987142857142853,23
613,SG,62.207142857142856,43.169147,44.165848,70.29,71.15714285714286,23
614,SH,50.48285714285714,40.102722,41.11116,50.48285714285714,52.56571428571429,23
615,SO,45.1,40.737125,41.750496,59.22000000000001,59.63571428571429,23
616,SZ,38.722857142857144,39.658558,40.684456,47.44714285714286,62.58285714285715,23
617,TG,45.33,40.51515,41.533657,61.222857142857144,64.13571428571429,23
618,TI,66.20857142857143,45.616207,46.648003,65.47428571428573,72.83285714285714,23
619,UR,34.64,36.006447,36.998432,34.64,40.86857142857143,23
620,VD,38.878571428571426,37.09468,38.08776,37.51142857142858,30.98142857142857,23
621,VS,35.47428571428572,36.022377,37.040783,32.70285714285714,29.397142857142853,23
622,ZG,38.05142857142857,37.987988,39.016953,36.03857142857142,41.184285714285714,23
623,ZH,44.4,40.47302,41.48558,53.30714285714286,54.89571428571429,23
624,AG,44.74,41.614273,42.971436,53.36571428571428,59.96857142857144,24
625,AI,25.685714285714287,40.050568,41.412327,40.745714285714286,34.542857142857144,24
626,AR,47.665714285714294,43.48715,44.848488,52.04571428571428,49.46857142857144,24
627,BE,37.64142857142857,39.415867,40.77361,46.08,48.51285714285714,24
628,BL,46.63571428571429,40.629345,41.98753,55.86571428571429,51.27428571428571,24
629,BS,47.34,39.00333,40.3581,50.84285714285714,51.862857142857145,24
630,FR,34.050000000000004,40.160564,41.523197,30.587142857142855,29.07857142857143,24
631,GE,36.44285714285714,39.11452,40.475666,30.40571428571429,30.29285714285714,24
632,GL,29.211428571428577,41.561146,42.91965,57.71857142857142,58.424285714285716,24
633,GR,43.93,40.464798,41.82037,49.6,55.55714285714286,24
634,JU,31.645714285714284,37.816135,39.173687,26.017142857142854,40.57714285714286,24
635,LU,36.68857142857143,41.351696,42.709877,46.19714285714286,58.89142857142856,24
636,NE,45.40857142857143,38.47161,39.830776,36.42285714285714,32.61714285714286,24
637,NW,23.211428571428577,37.733402,39.089127,40.44857142857143,45.091428571428565,24
638,OW,27.87,38.084618,39.4425,30.50714285714286,25.987142857142853,24
639,SG,62.207142857142856,45.738686,47.102093,70.29,71.15714285714286,24
640,SH,50.48285714285714,42.150097,43.506954,50.48285714285714,52.56571428571429,24
641,SO,45.1,43.780956,45.1411,59.22000000000001,59.63571428571429,24
642,SZ,38.722857142857144,42.628185,43.987873,47.44714285714286,62.58285714285715,24
643,TG,45.33,43.214832,44.573345,61.222857142857144,64.13571428571429,24
644,TI,66.20857142857143,51.484097,52.869484,65.47428571428573,72.83285714285714,24
645,UR,34.64,38.173588,39.531506,34.64,40.86857142857143,24
646,VD,38.878571428571426,39.98387,41.345066,37.51142857142858,30.98142857142857,24
647,VS,35.47428571428572,39.593544,40.955433,32.70285714285714,29.397142857142853,24
648,ZG,38.05142857142857,40.745434,42.103134,36.03857142857142,41.184285714285714,24
649,ZH,44.4,42.746384,44.10371,53.30714285714286,54.89571428571429,24
650,AG,44.74,42.370434,43.557346,53.36571428571428,59.96857142857144,25
651,AI,25.685714285714287,39.418186,40.613094,40.745714285714286,34.542857142857144,25
652,AR,47.665714285714294,43.99642,45.174328,52.04571428571428,49.46857142857144,25
653,BE,37.64142857142857,39.623802,40.816437,46.08,48.51285714285714,25
654,BL,46.63571428571429,40.81278,42.003788,55.86571428571429,51.27428571428571,25
655,BS,47.34,38.661846,39.853336,50.84285714285714,51.862857142857145,25
656,FR,34.050000000000004,38.879353,40.076843,30.587142857142855,29.07857142857143,25
657,GE,36.44285714285714,37.967953,39.170616,30.40571428571429,30.29285714285714,25
658,GL,29.211428571428577,41.83576,43.02189,57.71857142857142,58.424285714285716,25
659,GR,43.93,39.882633,41.073174,49.6,55.55714285714286,25
660,JU,31.645714285714284,36.03817,37.252228,26.017142857142854,40.57714285714286,25
661,LU,36.68857142857143,41.77113,42.958263,46.19714285714286,58.89142857142856,25
662,NE,45.40857142857143,37.105923,38.30884,36.42285714285714,32.61714285714286,25
663,NW,23.211428571428577,37.472942,38.674137,40.44857142857143,45.091428571428565,25
664,OW,27.87,37.299694,38.49996,30.50714285714286,25.987142857142853,25
665,SG,62.207142857142856,46.65642,47.826878,70.29,71.15714285714286,25
666,SH,50.48285714285714,42.804893,43.987175,50.48285714285714,52.56571428571429,25
667,SO,45.1,44.291615,45.47035,59.22000000000001,59.63571428571429,25
668,SZ,38.722857142857144,43.0854,44.26856,47.44714285714286,62.58285714285715,25
669,TG,45.33,43.662685,44.844074,61.222857142857144,64.13571428571429,25
670,TI,66.20857142857143,47.16922,48.33796,65.47428571428573,72.83285714285714,25
671,UR,34.64,37.210384,38.412697,34.64,40.86857142857143,25
672,VD,38.878571428571426,39.35296,40.546825,37.51142857142858,30.98142857142857,25
673,VS,35.47428571428572,37.79413,38.998573,32.70285714285714,29.397142857142853,25
674,ZG,38.05142857142857,41.47452,42.664593,36.03857142857142,41.184285714285714,25
675,ZH,44.4,44.322704,45.50236,53.30714285714286,54.89571428571429,25
676,AG,44.74,38.93502,40.13564,53.36571428571428,59.96857142857144,26
677,AI,25.685714285714287,36.817146,38.02333,40.745714285714286,34.542857142857144,26
678,AR,47.665714285714294,39.989094,41.179253,52.04571428571428,49.46857142857144,26
679,BE,37.64142857142857,37.257645,38.465424,46.08,48.51285714285714,26
680,BL,46.63571428571429,37.853397,39.059013,55.86571428571429,51.27428571428571,26
681,BS,47.34,36.777603,37.997078,50.84285714285714,51.862857142857145,26
682,FR,34.050000000000004,36.690716,37.90148,30.587142857142855,29.07857142857143,26
683,GE,36.44285714285714,36.10358,37.31765,30.40571428571429,30.29285714285714,26
684,GL,29.211428571428577,37.98746,39.18676,57.71857142857142,58.424285714285716,26
685,GR,43.93,37.59803,38.80671,49.6,55.55714285714286,26
686,JU,31.645714285714284,33.910664,35.11966,26.017142857142854,40.57714285714286,26
687,LU,36.68857142857143,38.059643,39.25653,46.19714285714286,58.89142857142856,26
688,NE,45.40857142857143,36.085262,37.305622,36.42285714285714,32.61714285714286,26
689,NW,23.211428571428577,35.06342,36.27678,40.44857142857143,45.091428571428565,26
690,OW,27.87,35.54633,36.76258,30.50714285714286,25.987142857142853,26
691,SG,62.207142857142856,41.996136,43.181606,70.29,71.15714285714286,26
692,SH,50.48285714285714,39.15549,40.35495,50.48285714285714,52.56571428571429,26
693,SO,45.1,40.05347,41.243732,59.22000000000001,59.63571428571429,26
694,SZ,38.722857142857144,38.67772,39.872204,47.44714285714286,62.58285714285715,26
695,TG,45.33,39.520947,40.71395,61.222857142857144,64.13571428571429,26
696,TI,66.20857142857143,44.49722,45.6745,65.47428571428573,72.83285714285714,26
697,UR,34.64,35.45526,36.67359,34.64,40.86857142857143,26
698,VD,38.878571428571426,37.105877,38.312008,37.51142857142858,30.98142857142857,26
699,VS,35.47428571428572,36.288696,37.502686,32.70285714285714,29.397142857142853,26
700,ZG,38.05142857142857,37.69492,38.894745,36.03857142857142,41.184285714285714,26
701,ZH,44.4,40.15997,41.34687,53.30714285714286,54.89571428571429,26
702,AG,44.74,36.97463,38.12502,53.36571428571428,59.96857142857144,27
703,AI,25.685714285714287,36.14684,37.256924,40.745714285714286,34.542857142857144,27
704,AR,47.665714285714294,38.402046,39.537964,52.04571428571428,49.46857142857144,27
705,BE,37.64142857142857,36.08473,37.189686,46.08,48.51285714285714,27
706,BL,46.63571428571429,36.412247,37.547626,55.86571428571429,51.27428571428571,27
707,BS,47.34,35.703564,36.778652,50.84285714285714,51.862857142857145,27
708,FR,34.050000000000004,36.24337,37.312965,30.587142857142855,29.07857142857143,27
709,GE,36.44285714285714,35.90922,36.98654,30.40571428571429,30.29285714285714,27
710,GL,29.211428571428577,37.010933,38.132824,57.71857142857142,58.424285714285716,27
711,GR,43.93,36.202564,37.318375,49.6,55.55714285714286,27
712,JU,31.645714285714284,34.892338,36.00915,26.017142857142854,40.57714285714286,27
713,LU,36.68857142857143,36.987064,38.136425,46.19714285714286,58.89142857142856,27
714,NE,45.40857142857143,35.73702,36.826733,36.42285714285714,32.61714285714286,27
715,NW,23.211428571428577,35.245373,36.355312,40.44857142857143,45.091428571428565,27
716,OW,27.87,35.371323,36.47276,30.50714285714286,25.987142857142853,27
717,SG,62.207142857142856,39.81516,40.940067,70.29,71.15714285714286,27
718,SH,50.48285714285714,37.508694,38.650425,50.48285714285714,52.56571428571429,27
719,SO,45.1,38.430573,39.56553,59.22000000000001,59.63571428571429,27
720,SZ,38.722857142857144,37.5376,38.682095,47.44714285714286,62.58285714285715,27
721,TG,45.33,38.06803,39.20694,61.222857142857144,64.13571428571429,27
722,TI,66.20857142857143,40.360607,41.48232,65.47428571428573,72.83285714285714,27
723,UR,34.64,35.225185,36.331665,34.64,40.86857142857143,27
724,VD,38.878571428571426,36.41835,37.489685,37.51142857142858,30.98142857142857,27
725,VS,35.47428571428572,35.505745,36.59183,32.70285714285714,29.397142857142853,27
726,ZG,38.05142857142857,37.08022,38.220898,36.03857142857142,41.184285714285714,27
727,ZH,44.4,38.155487,39.292625,53.30714285714286,54.89571428571429,27
728,AG,44.74,39.945305,41.166332,53.36571428571428,59.96857142857144,28
729,AI,25.685714285714287,37.393276,38.618572,40.745714285714286,34.542857142857144,28
730,AR,47.665714285714294,41.74357,42.96542,52.04571428571428,49.46857142857144,28
731,BE,37.64142857142857,38.811718,40.035,46.08,48.51285714285714,28
732,BL,46.63571428571429,39.34528,40.56772,55.86571428571429,51.27428571428571,28
733,BS,47.34,39.613483,40.82447,50.84285714285714,51.862857142857145,28
734,FR,34.050000000000004,38.078426,39.30333,30.587142857142855,29.07857142857143,28
735,GE,36.44285714285714,38.352604,39.57379,30.40571428571429,30.29285714285714,28
736,GL,29.211428571428577,39.378803,40.601097,57.71857142857142,58.424285714285716,28
737,GR,43.93,40.079933,41.300125,49.6,55.55714285714286,28
738,JU,31.645714285714284,36.797543,38.022575,26.017142857142854,40.57714285714286,28
739,LU,36.68857142857143,39.548367,40.770187,46.19714285714286,58.89142857142856,28
740,NE,45.40857142857143,37.560787,38.783615,36.42285714285714,32.61714285714286,28
741,NW,23.211428571428577,36.49842,37.72359,40.44857142857143,45.091428571428565,28
742,OW,27.87,36.33577,37.56137,30.50714285714286,25.987142857142853,28
743,SG,62.207142857142856,43.692738,44.915432,70.29,71.15714285714286,28
744,SH,50.48285714285714,40.73335,41.954647,50.48285714285714,52.56571428571429,28
745,SO,45.1,41.47029,42.69229,59.22000000000001,59.63571428571429,28
746,SZ,38.722857142857144,40.18666,41.410522,47.44714285714286,62.58285714285715,28
747,TG,45.33,40.789326,42.011684,61.222857142857144,64.13571428571429,28
748,TI,66.20857142857143,45.27499,46.4981,65.47428571428573,72.83285714285714,28
749,UR,34.64,36.35667,37.581146,34.64,40.86857142857143,28
750,VD,38.878571428571426,38.88779,40.111,37.51142857142858,30.98142857142857,28
751,VS,35.47428571428572,37.332165,38.558704,32.70285714285714,29.397142857142853,28
752,ZG,38.05142857142857,38.694794,39.918167,36.03857142857142,41.184285714285714,28
753,ZH,44.4,41.592968,42.81385,53.30714285714286,54.89571428571429,28
754,AG,44.74,38.368397,39.547066,53.36571428571428,59.96857142857144,29
755,AI,25.685714285714287,35.83566,37.016582,40.745714285714286,34.542857142857144,29
756,AR,47.665714285714294,38.817257,39.997787,52.04571428571428,49.46857142857144,29
757,BE,37.64142857142857,36.781498,37.961586,46.08,48.51285714285714,29
758,BL,46.63571428571429,37.13131,38.312035,55.86571428571429,51.27428571428571,29
759,BS,47.34,36.470695,37.65088,50.84285714285714,51.862857142857145,29
760,FR,34.050000000000004,35.578747,36.75899,30.587142857142855,29.07857142857143,29
761,GE,36.44285714285714,35.394466,36.57389,30.40571428571429,30.29285714285714,29
762,GL,29.211428571428577,37.45303,38.634476,57.71857142857142,58.424285714285716,29
763,GR,43.93,36.989655,38.17334,49.6,55.55714285714286,29
764,JU,31.645714285714284,34.74152,35.90168,26.017142857142854,40.57714285714286,29
765,LU,36.68857142857143,37.7909,38.970894,46.19714285714286,58.89142857142856,29
766,NE,45.40857142857143,35.016705,36.18577,36.42285714285714,32.61714285714286,29
767,NW,23.211428571428577,35.624054,36.80442,40.44857142857143,45.091428571428565,29
768,OW,27.87,35.13587,36.31537,30.50714285714286,25.987142857142853,29
769,SG,62.207142857142856,40.326683,41.5043,70.29,71.15714285714286,29
770,SH,50.48285714285714,38.05306,39.234627,50.48285714285714,52.56571428571429,29
771,SO,45.1,38.78374,39.963505,59.22000000000001,59.63571428571429,29
772,SZ,38.722857142857144,38.063267,39.24354,47.44714285714286,62.58285714285715,29
773,TG,45.33,38.511677,39.691505,61.222857142857144,64.13571428571429,29
774,TI,66.20857142857143,41.22235,42.403168,65.47428571428573,72.83285714285714,29
775,UR,34.64,35.222466,36.402325,34.64,40.86857142857143,29
776,VD,38.878571428571426,35.83045,37.010086,37.51142857142858,30.98142857142857,29
777,VS,35.47428571428572,34.89513,36.074432,32.70285714285714,29.397142857142853,29
778,ZG,38.05142857142857,37.464756,38.644547,36.03857142857142,41.184285714285714,29
779,ZH,44.4,38.94957,40.12841,53.30714285714286,54.89571428571429,29
